Model#,#EM,Model,LANGKAP,PASIR,RUMPUT,VEGETASI BASAH,VEGETASI LAIN,LANGKAP_lib#,PASIR_lib#,RUMPUT_lib#,VEGETASI BASAH_lib#,VEGETASI LAIN_lib#,#pixels,%pixels
1,2,LANGKAP-PASIR,lkp_16_X967_Y911,pasir_05_X778_Y210,,,,0,12,,,,777,    0.106382
2,2,LANGKAP-PASIR,lkp_16_X967_Y911,pasir_03_X784_Y203,,,,0,13,,,,2823,    0.386507
3,2,LANGKAP-PASIR,lkp_16_X967_Y911,pasir_06_X782_Y206,,,,0,14,,,,280,    0.038336
4,2,LANGKAP-PASIR,lkp_10_X988_Y898,pasir_05_X778_Y210,,,,1,12,,,,132,    0.018073
5,2,LANGKAP-PASIR,lkp_10_X988_Y898,pasir_03_X784_Y203,,,,1,13,,,,103,    0.014102
6,2,LANGKAP-PASIR,lkp_10_X988_Y898,pasir_06_X782_Y206,,,,1,14,,,,19,    0.002601
7,2,LANGKAP-PASIR,lkp_21_X947_Y915,pasir_05_X778_Y210,,,,2,12,,,,418,    0.057230
8,2,LANGKAP-PASIR,lkp_21_X947_Y915,pasir_03_X784_Y203,,,,2,13,,,,311,    0.042580
9,2,LANGKAP-PASIR,lkp_21_X947_Y915,pasir_06_X782_Y206,,,,2,14,,,,111,    0.015197
10,2,LANGKAP-PASIR,lkp_07_X1006_Y894,pasir_05_X778_Y210,,,,3,12,,,,34,    0.004655
11,2,LANGKAP-PASIR,lkp_07_X1006_Y894,pasir_03_X784_Y203,,,,3,13,,,,81,    0.011090
12,2,LANGKAP-PASIR,lkp_07_X1006_Y894,pasir_06_X782_Y206,,,,3,14,,,,10,    0.001369
13,2,LANGKAP-PASIR,lkp_11_X983_Y900,pasir_05_X778_Y210,,,,4,12,,,,286,    0.039157
14,2,LANGKAP-PASIR,lkp_11_X983_Y900,pasir_03_X784_Y203,,,,4,13,,,,73,    0.009995
15,2,LANGKAP-PASIR,lkp_11_X983_Y900,pasir_06_X782_Y206,,,,4,14,,,,39,    0.005340
16,2,LANGKAP-PASIR,lkp_08_X1003_Y894,pasir_05_X778_Y210,,,,5,12,,,,234,    0.032038
17,2,LANGKAP-PASIR,lkp_08_X1003_Y894,pasir_03_X784_Y203,,,,5,13,,,,487,    0.066677
18,2,LANGKAP-PASIR,lkp_08_X1003_Y894,pasir_06_X782_Y206,,,,5,14,,,,113,    0.015471
19,2,LANGKAP-PASIR,lkp_20_X948_Y906,pasir_05_X778_Y210,,,,6,12,,,,603,    0.082559
20,2,LANGKAP-PASIR,lkp_20_X948_Y906,pasir_03_X784_Y203,,,,6,13,,,,4095,    0.560661
21,2,LANGKAP-PASIR,lkp_20_X948_Y906,pasir_06_X782_Y206,,,,6,14,,,,803,    0.109942
22,2,LANGKAP-PASIR,lkp_14_X974_Y904,pasir_05_X778_Y210,,,,7,12,,,,386,    0.052849
23,2,LANGKAP-PASIR,lkp_14_X974_Y904,pasir_03_X784_Y203,,,,7,13,,,,27,    0.003697
24,2,LANGKAP-PASIR,lkp_14_X974_Y904,pasir_06_X782_Y206,,,,7,14,,,,94,    0.012870
25,2,LANGKAP-PASIR,lkp_02_X1097_Y909,pasir_05_X778_Y210,,,,8,12,,,,209,    0.028615
26,2,LANGKAP-PASIR,lkp_02_X1097_Y909,pasir_03_X784_Y203,,,,8,13,,,,33,    0.004518
27,2,LANGKAP-PASIR,lkp_02_X1097_Y909,pasir_06_X782_Y206,,,,8,14,,,,8,    0.001095
28,2,LANGKAP-PASIR,lkp_12_X980_Y900,pasir_05_X778_Y210,,,,9,12,,,,9,    0.001232
29,2,LANGKAP-PASIR,lkp_12_X980_Y900,pasir_03_X784_Y203,,,,9,13,,,,9,    0.001232
30,2,LANGKAP-PASIR,lkp_12_X980_Y900,pasir_06_X782_Y206,,,,9,14,,,,10,    0.001369
31,2,LANGKAP-PASIR,lkp_19_X948_Y904,pasir_05_X778_Y210,,,,10,12,,,,120,    0.016430
32,2,LANGKAP-PASIR,lkp_19_X948_Y904,pasir_03_X784_Y203,,,,10,13,,,,10,    0.001369
33,2,LANGKAP-PASIR,lkp_19_X948_Y904,pasir_06_X782_Y206,,,,10,14,,,,17,    0.002328
34,2,LANGKAP-PASIR,lkp_04_X1086_Y902,pasir_05_X778_Y210,,,,11,12,,,,1323,    0.181137
35,2,LANGKAP-PASIR,lkp_04_X1086_Y902,pasir_03_X784_Y203,,,,11,13,,,,515,    0.070510
36,2,LANGKAP-PASIR,lkp_04_X1086_Y902,pasir_06_X782_Y206,,,,11,14,,,,144,    0.019716
37,2,LANGKAP-RUMPUT,lkp_16_X967_Y911,,rumput_10_X789_Y532,,,0,,15,,,10,    0.001369
38,2,LANGKAP-RUMPUT,lkp_16_X967_Y911,,rumput_09_X789_Y538,,,0,,16,,,70,    0.009584
39,2,LANGKAP-RUMPUT,lkp_16_X967_Y911,,rumput_07_X786_Y556,,,0,,17,,,769,    0.105287
40,2,LANGKAP-RUMPUT,lkp_10_X988_Y898,,rumput_10_X789_Y532,,,1,,15,,,6,    0.000821
41,2,LANGKAP-RUMPUT,lkp_10_X988_Y898,,rumput_09_X789_Y538,,,1,,16,,,21,    0.002875
42,2,LANGKAP-RUMPUT,lkp_10_X988_Y898,,rumput_07_X786_Y556,,,1,,17,,,84,    0.011501
43,2,LANGKAP-RUMPUT,lkp_21_X947_Y915,,rumput_10_X789_Y532,,,2,,15,,,46,    0.006298
44,2,LANGKAP-RUMPUT,lkp_21_X947_Y915,,rumput_09_X789_Y538,,,2,,16,,,31,    0.004244
45,2,LANGKAP-RUMPUT,lkp_21_X947_Y915,,rumput_07_X786_Y556,,,2,,17,,,28,    0.003834
46,2,LANGKAP-RUMPUT,lkp_07_X1006_Y894,,rumput_10_X789_Y532,,,3,,15,,,12,    0.001643
47,2,LANGKAP-RUMPUT,lkp_07_X1006_Y894,,rumput_09_X789_Y538,,,3,,16,,,93,    0.012733
48,2,LANGKAP-RUMPUT,lkp_07_X1006_Y894,,rumput_07_X786_Y556,,,3,,17,,,334,    0.045729
49,2,LANGKAP-RUMPUT,lkp_11_X983_Y900,,rumput_10_X789_Y532,,,4,,15,,,466,    0.063802
50,2,LANGKAP-RUMPUT,lkp_11_X983_Y900,,rumput_09_X789_Y538,,,4,,16,,,568,    0.077767
51,2,LANGKAP-RUMPUT,lkp_11_X983_Y900,,rumput_07_X786_Y556,,,4,,17,,,136,    0.018620
52,2,LANGKAP-RUMPUT,lkp_08_X1003_Y894,,rumput_10_X789_Y532,,,5,,15,,,16,    0.002191
53,2,LANGKAP-RUMPUT,lkp_08_X1003_Y894,,rumput_09_X789_Y538,,,5,,16,,,204,    0.027930
54,2,LANGKAP-RUMPUT,lkp_08_X1003_Y894,,rumput_07_X786_Y556,,,5,,17,,,293,    0.040116
55,2,LANGKAP-RUMPUT,lkp_20_X948_Y906,,rumput_10_X789_Y532,,,6,,15,,,389,    0.053259
56,2,LANGKAP-RUMPUT,lkp_20_X948_Y906,,rumput_09_X789_Y538,,,6,,16,,,2392,    0.327497
57,2,LANGKAP-RUMPUT,lkp_20_X948_Y906,,rumput_07_X786_Y556,,,6,,17,,,2302,    0.315175
58,2,LANGKAP-RUMPUT,lkp_14_X974_Y904,,rumput_10_X789_Y532,,,7,,15,,,309,    0.042306
59,2,LANGKAP-RUMPUT,lkp_14_X974_Y904,,rumput_09_X789_Y538,,,7,,16,,,62,    0.008489
60,2,LANGKAP-RUMPUT,lkp_14_X974_Y904,,rumput_07_X786_Y556,,,7,,17,,,64,    0.008762
61,2,LANGKAP-RUMPUT,lkp_02_X1097_Y909,,rumput_10_X789_Y532,,,8,,15,,,21,    0.002875
62,2,LANGKAP-RUMPUT,lkp_02_X1097_Y909,,rumput_09_X789_Y538,,,8,,16,,,20,    0.002738
63,2,LANGKAP-RUMPUT,lkp_02_X1097_Y909,,rumput_07_X786_Y556,,,8,,17,,,11,    0.001506
64,2,LANGKAP-RUMPUT,lkp_12_X980_Y900,,rumput_10_X789_Y532,,,9,,15,,,68,    0.009310
65,2,LANGKAP-RUMPUT,lkp_12_X980_Y900,,rumput_09_X789_Y538,,,9,,16,,,213,    0.029163
66,2,LANGKAP-RUMPUT,lkp_12_X980_Y900,,rumput_07_X786_Y556,,,9,,17,,,13,    0.001780
67,2,LANGKAP-RUMPUT,lkp_19_X948_Y904,,rumput_10_X789_Y532,,,10,,15,,,890,    0.121853
68,2,LANGKAP-RUMPUT,lkp_19_X948_Y904,,rumput_09_X789_Y538,,,10,,16,,,366,    0.050110
69,2,LANGKAP-RUMPUT,lkp_19_X948_Y904,,rumput_07_X786_Y556,,,10,,17,,,27,    0.003697
70,2,LANGKAP-RUMPUT,lkp_04_X1086_Y902,,rumput_10_X789_Y532,,,11,,15,,,695,    0.095155
71,2,LANGKAP-RUMPUT,lkp_04_X1086_Y902,,rumput_09_X789_Y538,,,11,,16,,,744,    0.101864
72,2,LANGKAP-RUMPUT,lkp_04_X1086_Y902,,rumput_07_X786_Y556,,,11,,17,,,41,    0.005613
73,2,LANGKAP-VEGETASI BASAH,lkp_16_X967_Y911,,,vbasah_10_X865_Y433,,0,,,18,,21,    0.002875
74,2,LANGKAP-VEGETASI BASAH,lkp_16_X967_Y911,,,vbasah_11_X861_Y437,,0,,,19,,117,    0.016019
75,2,LANGKAP-VEGETASI BASAH,lkp_16_X967_Y911,,,vbasah_05_X1032_Y826,,0,,,20,,28,    0.003834
76,2,LANGKAP-VEGETASI BASAH,lkp_16_X967_Y911,,,vbasah_14_X791_Y303,,0,,,21,,13,    0.001780
77,2,LANGKAP-VEGETASI BASAH,lkp_16_X967_Y911,,,vbasah_03_X1106_Y868,,0,,,22,,1,    0.000137
78,2,LANGKAP-VEGETASI BASAH,lkp_16_X967_Y911,,,vbasah_07_X1016_Y809,,0,,,23,,8,    0.001095
79,2,LANGKAP-VEGETASI BASAH,lkp_16_X967_Y911,,,vbasah_02_X1064_Y859,,0,,,24,,7,    0.000958
80,2,LANGKAP-VEGETASI BASAH,lkp_16_X967_Y911,,,vbasah_13_X798_Y295,,0,,,25,,5,    0.000685
81,2,LANGKAP-VEGETASI BASAH,lkp_16_X967_Y911,,,vbasah_08_X1021_Y786,,0,,,26,,1,    0.000137
82,2,LANGKAP-VEGETASI BASAH,lkp_10_X988_Y898,,,vbasah_10_X865_Y433,,1,,,18,,8,    0.001095
83,2,LANGKAP-VEGETASI BASAH,lkp_10_X988_Y898,,,vbasah_11_X861_Y437,,1,,,19,,16,    0.002191
84,2,LANGKAP-VEGETASI BASAH,lkp_10_X988_Y898,,,vbasah_05_X1032_Y826,,1,,,20,,10,    0.001369
85,2,LANGKAP-VEGETASI BASAH,lkp_10_X988_Y898,,,vbasah_14_X791_Y303,,1,,,21,,3,    0.000411
86,2,LANGKAP-VEGETASI BASAH,lkp_10_X988_Y898,,,vbasah_03_X1106_Y868,,1,,,22,,1,    0.000137
87,2,LANGKAP-VEGETASI BASAH,lkp_10_X988_Y898,,,vbasah_07_X1016_Y809,,1,,,23,,1,    0.000137
88,2,LANGKAP-VEGETASI BASAH,lkp_10_X988_Y898,,,vbasah_02_X1064_Y859,,1,,,24,,2,    0.000274
89,2,LANGKAP-VEGETASI BASAH,lkp_10_X988_Y898,,,vbasah_13_X798_Y295,,1,,,25,,1,    0.000137
90,2,LANGKAP-VEGETASI BASAH,lkp_10_X988_Y898,,,vbasah_08_X1021_Y786,,1,,,26,,3,    0.000411
91,2,LANGKAP-VEGETASI BASAH,lkp_21_X947_Y915,,,vbasah_10_X865_Y433,,2,,,18,,27,    0.003697
92,2,LANGKAP-VEGETASI BASAH,lkp_21_X947_Y915,,,vbasah_11_X861_Y437,,2,,,19,,64,    0.008762
93,2,LANGKAP-VEGETASI BASAH,lkp_21_X947_Y915,,,vbasah_05_X1032_Y826,,2,,,20,,19,    0.002601
94,2,LANGKAP-VEGETASI BASAH,lkp_21_X947_Y915,,,vbasah_14_X791_Y303,,2,,,21,,17,    0.002328
95,2,LANGKAP-VEGETASI BASAH,lkp_21_X947_Y915,,,vbasah_03_X1106_Y868,,2,,,22,,2,    0.000274
96,2,LANGKAP-VEGETASI BASAH,lkp_21_X947_Y915,,,vbasah_07_X1016_Y809,,2,,,23,,1,    0.000137
97,2,LANGKAP-VEGETASI BASAH,lkp_21_X947_Y915,,,vbasah_02_X1064_Y859,,2,,,24,,6,    0.000821
98,2,LANGKAP-VEGETASI BASAH,lkp_21_X947_Y915,,,vbasah_13_X798_Y295,,2,,,25,,20,    0.002738
99,2,LANGKAP-VEGETASI BASAH,lkp_21_X947_Y915,,,vbasah_08_X1021_Y786,,2,,,26,,0,0
100,2,LANGKAP-VEGETASI BASAH,lkp_07_X1006_Y894,,,vbasah_10_X865_Y433,,3,,,18,,26,    0.003560
101,2,LANGKAP-VEGETASI BASAH,lkp_07_X1006_Y894,,,vbasah_11_X861_Y437,,3,,,19,,35,    0.004792
102,2,LANGKAP-VEGETASI BASAH,lkp_07_X1006_Y894,,,vbasah_05_X1032_Y826,,3,,,20,,2,    0.000274
103,2,LANGKAP-VEGETASI BASAH,lkp_07_X1006_Y894,,,vbasah_14_X791_Y303,,3,,,21,,37,    0.005066
104,2,LANGKAP-VEGETASI BASAH,lkp_07_X1006_Y894,,,vbasah_03_X1106_Y868,,3,,,22,,6,    0.000821
105,2,LANGKAP-VEGETASI BASAH,lkp_07_X1006_Y894,,,vbasah_07_X1016_Y809,,3,,,23,,1,    0.000137
106,2,LANGKAP-VEGETASI BASAH,lkp_07_X1006_Y894,,,vbasah_02_X1064_Y859,,3,,,24,,8,    0.001095
107,2,LANGKAP-VEGETASI BASAH,lkp_07_X1006_Y894,,,vbasah_13_X798_Y295,,3,,,25,,8,    0.001095
108,2,LANGKAP-VEGETASI BASAH,lkp_07_X1006_Y894,,,vbasah_08_X1021_Y786,,3,,,26,,3,    0.000411
109,2,LANGKAP-VEGETASI BASAH,lkp_11_X983_Y900,,,vbasah_10_X865_Y433,,4,,,18,,15,    0.002054
110,2,LANGKAP-VEGETASI BASAH,lkp_11_X983_Y900,,,vbasah_11_X861_Y437,,4,,,19,,47,    0.006435
111,2,LANGKAP-VEGETASI BASAH,lkp_11_X983_Y900,,,vbasah_05_X1032_Y826,,4,,,20,,43,    0.005887
112,2,LANGKAP-VEGETASI BASAH,lkp_11_X983_Y900,,,vbasah_14_X791_Y303,,4,,,21,,85,    0.011638
113,2,LANGKAP-VEGETASI BASAH,lkp_11_X983_Y900,,,vbasah_03_X1106_Y868,,4,,,22,,5,    0.000685
114,2,LANGKAP-VEGETASI BASAH,lkp_11_X983_Y900,,,vbasah_07_X1016_Y809,,4,,,23,,15,    0.002054
115,2,LANGKAP-VEGETASI BASAH,lkp_11_X983_Y900,,,vbasah_02_X1064_Y859,,4,,,24,,12,    0.001643
116,2,LANGKAP-VEGETASI BASAH,lkp_11_X983_Y900,,,vbasah_13_X798_Y295,,4,,,25,,9,    0.001232
117,2,LANGKAP-VEGETASI BASAH,lkp_11_X983_Y900,,,vbasah_08_X1021_Y786,,4,,,26,,8,    0.001095
118,2,LANGKAP-VEGETASI BASAH,lkp_08_X1003_Y894,,,vbasah_10_X865_Y433,,5,,,18,,14,    0.001917
119,2,LANGKAP-VEGETASI BASAH,lkp_08_X1003_Y894,,,vbasah_11_X861_Y437,,5,,,19,,34,    0.004655
120,2,LANGKAP-VEGETASI BASAH,lkp_08_X1003_Y894,,,vbasah_05_X1032_Y826,,5,,,20,,79,    0.010816
121,2,LANGKAP-VEGETASI BASAH,lkp_08_X1003_Y894,,,vbasah_14_X791_Y303,,5,,,21,,78,    0.010679
122,2,LANGKAP-VEGETASI BASAH,lkp_08_X1003_Y894,,,vbasah_03_X1106_Y868,,5,,,22,,4,    0.000548
123,2,LANGKAP-VEGETASI BASAH,lkp_08_X1003_Y894,,,vbasah_07_X1016_Y809,,5,,,23,,30,    0.004107
124,2,LANGKAP-VEGETASI BASAH,lkp_08_X1003_Y894,,,vbasah_02_X1064_Y859,,5,,,24,,34,    0.004655
125,2,LANGKAP-VEGETASI BASAH,lkp_08_X1003_Y894,,,vbasah_13_X798_Y295,,5,,,25,,4,    0.000548
126,2,LANGKAP-VEGETASI BASAH,lkp_08_X1003_Y894,,,vbasah_08_X1021_Y786,,5,,,26,,6,    0.000821
127,2,LANGKAP-VEGETASI BASAH,lkp_20_X948_Y906,,,vbasah_10_X865_Y433,,6,,,18,,147,    0.020126
128,2,LANGKAP-VEGETASI BASAH,lkp_20_X948_Y906,,,vbasah_11_X861_Y437,,6,,,19,,454,    0.062159
129,2,LANGKAP-VEGETASI BASAH,lkp_20_X948_Y906,,,vbasah_05_X1032_Y826,,6,,,20,,65,    0.008899
130,2,LANGKAP-VEGETASI BASAH,lkp_20_X948_Y906,,,vbasah_14_X791_Y303,,6,,,21,,152,    0.020811
131,2,LANGKAP-VEGETASI BASAH,lkp_20_X948_Y906,,,vbasah_03_X1106_Y868,,6,,,22,,24,    0.003286
132,2,LANGKAP-VEGETASI BASAH,lkp_20_X948_Y906,,,vbasah_07_X1016_Y809,,6,,,23,,32,    0.004381
133,2,LANGKAP-VEGETASI BASAH,lkp_20_X948_Y906,,,vbasah_02_X1064_Y859,,6,,,24,,30,    0.004107
134,2,LANGKAP-VEGETASI BASAH,lkp_20_X948_Y906,,,vbasah_13_X798_Y295,,6,,,25,,63,    0.008626
135,2,LANGKAP-VEGETASI BASAH,lkp_20_X948_Y906,,,vbasah_08_X1021_Y786,,6,,,26,,2,    0.000274
136,2,LANGKAP-VEGETASI BASAH,lkp_14_X974_Y904,,,vbasah_10_X865_Y433,,7,,,18,,16,    0.002191
137,2,LANGKAP-VEGETASI BASAH,lkp_14_X974_Y904,,,vbasah_11_X861_Y437,,7,,,19,,15,    0.002054
138,2,LANGKAP-VEGETASI BASAH,lkp_14_X974_Y904,,,vbasah_05_X1032_Y826,,7,,,20,,26,    0.003560
139,2,LANGKAP-VEGETASI BASAH,lkp_14_X974_Y904,,,vbasah_14_X791_Y303,,7,,,21,,7,    0.000958
140,2,LANGKAP-VEGETASI BASAH,lkp_14_X974_Y904,,,vbasah_03_X1106_Y868,,7,,,22,,7,    0.000958
141,2,LANGKAP-VEGETASI BASAH,lkp_14_X974_Y904,,,vbasah_07_X1016_Y809,,7,,,23,,3,    0.000411
142,2,LANGKAP-VEGETASI BASAH,lkp_14_X974_Y904,,,vbasah_02_X1064_Y859,,7,,,24,,16,    0.002191
143,2,LANGKAP-VEGETASI BASAH,lkp_14_X974_Y904,,,vbasah_13_X798_Y295,,7,,,25,,4,    0.000548
144,2,LANGKAP-VEGETASI BASAH,lkp_14_X974_Y904,,,vbasah_08_X1021_Y786,,7,,,26,,3,    0.000411
145,2,LANGKAP-VEGETASI BASAH,lkp_02_X1097_Y909,,,vbasah_10_X865_Y433,,8,,,18,,10,    0.001369
146,2,LANGKAP-VEGETASI BASAH,lkp_02_X1097_Y909,,,vbasah_11_X861_Y437,,8,,,19,,26,    0.003560
147,2,LANGKAP-VEGETASI BASAH,lkp_02_X1097_Y909,,,vbasah_05_X1032_Y826,,8,,,20,,25,    0.003423
148,2,LANGKAP-VEGETASI BASAH,lkp_02_X1097_Y909,,,vbasah_14_X791_Y303,,8,,,21,,3,    0.000411
149,2,LANGKAP-VEGETASI BASAH,lkp_02_X1097_Y909,,,vbasah_03_X1106_Y868,,8,,,22,,6,    0.000821
150,2,LANGKAP-VEGETASI BASAH,lkp_02_X1097_Y909,,,vbasah_07_X1016_Y809,,8,,,23,,2,    0.000274
151,2,LANGKAP-VEGETASI BASAH,lkp_02_X1097_Y909,,,vbasah_02_X1064_Y859,,8,,,24,,5,    0.000685
152,2,LANGKAP-VEGETASI BASAH,lkp_02_X1097_Y909,,,vbasah_13_X798_Y295,,8,,,25,,3,    0.000411
153,2,LANGKAP-VEGETASI BASAH,lkp_02_X1097_Y909,,,vbasah_08_X1021_Y786,,8,,,26,,7,    0.000958
154,2,LANGKAP-VEGETASI BASAH,lkp_12_X980_Y900,,,vbasah_10_X865_Y433,,9,,,18,,9,    0.001232
155,2,LANGKAP-VEGETASI BASAH,lkp_12_X980_Y900,,,vbasah_11_X861_Y437,,9,,,19,,22,    0.003012
156,2,LANGKAP-VEGETASI BASAH,lkp_12_X980_Y900,,,vbasah_05_X1032_Y826,,9,,,20,,131,    0.017936
157,2,LANGKAP-VEGETASI BASAH,lkp_12_X980_Y900,,,vbasah_14_X791_Y303,,9,,,21,,5,    0.000685
158,2,LANGKAP-VEGETASI BASAH,lkp_12_X980_Y900,,,vbasah_03_X1106_Y868,,9,,,22,,7,    0.000958
159,2,LANGKAP-VEGETASI BASAH,lkp_12_X980_Y900,,,vbasah_07_X1016_Y809,,9,,,23,,4,    0.000548
160,2,LANGKAP-VEGETASI BASAH,lkp_12_X980_Y900,,,vbasah_02_X1064_Y859,,9,,,24,,1,    0.000137
161,2,LANGKAP-VEGETASI BASAH,lkp_12_X980_Y900,,,vbasah_13_X798_Y295,,9,,,25,,1,    0.000137
162,2,LANGKAP-VEGETASI BASAH,lkp_12_X980_Y900,,,vbasah_08_X1021_Y786,,9,,,26,,3,    0.000411
163,2,LANGKAP-VEGETASI BASAH,lkp_19_X948_Y904,,,vbasah_10_X865_Y433,,10,,,18,,12,    0.001643
164,2,LANGKAP-VEGETASI BASAH,lkp_19_X948_Y904,,,vbasah_11_X861_Y437,,10,,,19,,28,    0.003834
165,2,LANGKAP-VEGETASI BASAH,lkp_19_X948_Y904,,,vbasah_05_X1032_Y826,,10,,,20,,24,    0.003286
166,2,LANGKAP-VEGETASI BASAH,lkp_19_X948_Y904,,,vbasah_14_X791_Y303,,10,,,21,,28,    0.003834
167,2,LANGKAP-VEGETASI BASAH,lkp_19_X948_Y904,,,vbasah_03_X1106_Y868,,10,,,22,,9,    0.001232
168,2,LANGKAP-VEGETASI BASAH,lkp_19_X948_Y904,,,vbasah_07_X1016_Y809,,10,,,23,,14,    0.001917
169,2,LANGKAP-VEGETASI BASAH,lkp_19_X948_Y904,,,vbasah_02_X1064_Y859,,10,,,24,,9,    0.001232
170,2,LANGKAP-VEGETASI BASAH,lkp_19_X948_Y904,,,vbasah_13_X798_Y295,,10,,,25,,39,    0.005340
171,2,LANGKAP-VEGETASI BASAH,lkp_19_X948_Y904,,,vbasah_08_X1021_Y786,,10,,,26,,0,0
172,2,LANGKAP-VEGETASI BASAH,lkp_04_X1086_Y902,,,vbasah_10_X865_Y433,,11,,,18,,297,    0.040663
173,2,LANGKAP-VEGETASI BASAH,lkp_04_X1086_Y902,,,vbasah_11_X861_Y437,,11,,,19,,355,    0.048604
174,2,LANGKAP-VEGETASI BASAH,lkp_04_X1086_Y902,,,vbasah_05_X1032_Y826,,11,,,20,,68,    0.009310
175,2,LANGKAP-VEGETASI BASAH,lkp_04_X1086_Y902,,,vbasah_14_X791_Y303,,11,,,21,,119,    0.016293
176,2,LANGKAP-VEGETASI BASAH,lkp_04_X1086_Y902,,,vbasah_03_X1106_Y868,,11,,,22,,5,    0.000685
177,2,LANGKAP-VEGETASI BASAH,lkp_04_X1086_Y902,,,vbasah_07_X1016_Y809,,11,,,23,,23,    0.003149
178,2,LANGKAP-VEGETASI BASAH,lkp_04_X1086_Y902,,,vbasah_02_X1064_Y859,,11,,,24,,23,    0.003149
179,2,LANGKAP-VEGETASI BASAH,lkp_04_X1086_Y902,,,vbasah_13_X798_Y295,,11,,,25,,225,    0.030806
180,2,LANGKAP-VEGETASI BASAH,lkp_04_X1086_Y902,,,vbasah_08_X1021_Y786,,11,,,26,,6,    0.000821
181,2,LANGKAP-VEGETASI LAIN,lkp_16_X967_Y911,,,,vlain_22a_X1096_Y917,0,,,,27,86,    0.011775
182,2,LANGKAP-VEGETASI LAIN,lkp_16_X967_Y911,,,,vlain_13_X948_Y913,0,,,,28,19,    0.002601
183,2,LANGKAP-VEGETASI LAIN,lkp_16_X967_Y911,,,,vlain_14_a_X993_Y897,0,,,,29,0,0
184,2,LANGKAP-VEGETASI LAIN,lkp_16_X967_Y911,,,,vlain_12_X946_Y900,0,,,,30,177,    0.024234
185,2,LANGKAP-VEGETASI LAIN,lkp_16_X967_Y911,,,,vlain_02_X1085_Y889,0,,,,31,10,    0.001369
186,2,LANGKAP-VEGETASI LAIN,lkp_16_X967_Y911,,,,vlain_8_X944_Y890,0,,,,32,192,    0.026287
187,2,LANGKAP-VEGETASI LAIN,lkp_16_X967_Y911,,,,vlain_00_X1096_Y912,0,,,,33,55,    0.007530
188,2,LANGKAP-VEGETASI LAIN,lkp_16_X967_Y911,,,,vlain_10_X945_Y895,0,,,,34,24,    0.003286
189,2,LANGKAP-VEGETASI LAIN,lkp_16_X967_Y911,,,,vlain_06_X1029_Y894,0,,,,35,2,    0.000274
190,2,LANGKAP-VEGETASI LAIN,lkp_16_X967_Y911,,,,vlain_16_X1039_Y896,0,,,,36,33,    0.004518
191,2,LANGKAP-VEGETASI LAIN,lkp_16_X967_Y911,,,,vlain_17_X1045_Y897,0,,,,37,6,    0.000821
192,2,LANGKAP-VEGETASI LAIN,lkp_16_X967_Y911,,,,vlain_04_X1085_Y906,0,,,,38,54,    0.007393
193,2,LANGKAP-VEGETASI LAIN,lkp_16_X967_Y911,,,,vlain_07_X1010_Y894,0,,,,39,29,    0.003970
194,2,LANGKAP-VEGETASI LAIN,lkp_16_X967_Y911,,,,vlain_19_X1066_Y906,0,,,,40,60,    0.008215
195,2,LANGKAP-VEGETASI LAIN,lkp_16_X967_Y911,,,,vlain_14_X878_Y839,0,,,,41,245,    0.033544
196,2,LANGKAP-VEGETASI LAIN,lkp_10_X988_Y898,,,,vlain_22a_X1096_Y917,1,,,,27,30,    0.004107
197,2,LANGKAP-VEGETASI LAIN,lkp_10_X988_Y898,,,,vlain_13_X948_Y913,1,,,,28,3,    0.000411
198,2,LANGKAP-VEGETASI LAIN,lkp_10_X988_Y898,,,,vlain_14_a_X993_Y897,1,,,,29,0,0
199,2,LANGKAP-VEGETASI LAIN,lkp_10_X988_Y898,,,,vlain_12_X946_Y900,1,,,,30,27,    0.003697
200,2,LANGKAP-VEGETASI LAIN,lkp_10_X988_Y898,,,,vlain_02_X1085_Y889,1,,,,31,5,    0.000685
201,2,LANGKAP-VEGETASI LAIN,lkp_10_X988_Y898,,,,vlain_8_X944_Y890,1,,,,32,6,    0.000821
202,2,LANGKAP-VEGETASI LAIN,lkp_10_X988_Y898,,,,vlain_00_X1096_Y912,1,,,,33,44,    0.006024
203,2,LANGKAP-VEGETASI LAIN,lkp_10_X988_Y898,,,,vlain_10_X945_Y895,1,,,,34,2,    0.000274
204,2,LANGKAP-VEGETASI LAIN,lkp_10_X988_Y898,,,,vlain_06_X1029_Y894,1,,,,35,2,    0.000274
205,2,LANGKAP-VEGETASI LAIN,lkp_10_X988_Y898,,,,vlain_16_X1039_Y896,1,,,,36,1,    0.000137
206,2,LANGKAP-VEGETASI LAIN,lkp_10_X988_Y898,,,,vlain_17_X1045_Y897,1,,,,37,2,    0.000274
207,2,LANGKAP-VEGETASI LAIN,lkp_10_X988_Y898,,,,vlain_04_X1085_Y906,1,,,,38,5,    0.000685
208,2,LANGKAP-VEGETASI LAIN,lkp_10_X988_Y898,,,,vlain_07_X1010_Y894,1,,,,39,2,    0.000274
209,2,LANGKAP-VEGETASI LAIN,lkp_10_X988_Y898,,,,vlain_19_X1066_Y906,1,,,,40,11,    0.001506
210,2,LANGKAP-VEGETASI LAIN,lkp_10_X988_Y898,,,,vlain_14_X878_Y839,1,,,,41,25,    0.003423
211,2,LANGKAP-VEGETASI LAIN,lkp_21_X947_Y915,,,,vlain_22a_X1096_Y917,2,,,,27,44,    0.006024
212,2,LANGKAP-VEGETASI LAIN,lkp_21_X947_Y915,,,,vlain_13_X948_Y913,2,,,,28,5,    0.000685
213,2,LANGKAP-VEGETASI LAIN,lkp_21_X947_Y915,,,,vlain_14_a_X993_Y897,2,,,,29,4,    0.000548
214,2,LANGKAP-VEGETASI LAIN,lkp_21_X947_Y915,,,,vlain_12_X946_Y900,2,,,,30,85,    0.011638
215,2,LANGKAP-VEGETASI LAIN,lkp_21_X947_Y915,,,,vlain_02_X1085_Y889,2,,,,31,4,    0.000548
216,2,LANGKAP-VEGETASI LAIN,lkp_21_X947_Y915,,,,vlain_8_X944_Y890,2,,,,32,6,    0.000821
217,2,LANGKAP-VEGETASI LAIN,lkp_21_X947_Y915,,,,vlain_00_X1096_Y912,2,,,,33,88,    0.012048
218,2,LANGKAP-VEGETASI LAIN,lkp_21_X947_Y915,,,,vlain_10_X945_Y895,2,,,,34,9,    0.001232
219,2,LANGKAP-VEGETASI LAIN,lkp_21_X947_Y915,,,,vlain_06_X1029_Y894,2,,,,35,7,    0.000958
220,2,LANGKAP-VEGETASI LAIN,lkp_21_X947_Y915,,,,vlain_16_X1039_Y896,2,,,,36,15,    0.002054
221,2,LANGKAP-VEGETASI LAIN,lkp_21_X947_Y915,,,,vlain_17_X1045_Y897,2,,,,37,14,    0.001917
222,2,LANGKAP-VEGETASI LAIN,lkp_21_X947_Y915,,,,vlain_04_X1085_Y906,2,,,,38,12,    0.001643
223,2,LANGKAP-VEGETASI LAIN,lkp_21_X947_Y915,,,,vlain_07_X1010_Y894,2,,,,39,30,    0.004107
224,2,LANGKAP-VEGETASI LAIN,lkp_21_X947_Y915,,,,vlain_19_X1066_Y906,2,,,,40,91,    0.012459
225,2,LANGKAP-VEGETASI LAIN,lkp_21_X947_Y915,,,,vlain_14_X878_Y839,2,,,,41,28,    0.003834
226,2,LANGKAP-VEGETASI LAIN,lkp_07_X1006_Y894,,,,vlain_22a_X1096_Y917,3,,,,27,24,    0.003286
227,2,LANGKAP-VEGETASI LAIN,lkp_07_X1006_Y894,,,,vlain_13_X948_Y913,3,,,,28,11,    0.001506
228,2,LANGKAP-VEGETASI LAIN,lkp_07_X1006_Y894,,,,vlain_14_a_X993_Y897,3,,,,29,0,0
229,2,LANGKAP-VEGETASI LAIN,lkp_07_X1006_Y894,,,,vlain_12_X946_Y900,3,,,,30,41,    0.005613
230,2,LANGKAP-VEGETASI LAIN,lkp_07_X1006_Y894,,,,vlain_02_X1085_Y889,3,,,,31,23,    0.003149
231,2,LANGKAP-VEGETASI LAIN,lkp_07_X1006_Y894,,,,vlain_8_X944_Y890,3,,,,32,88,    0.012048
232,2,LANGKAP-VEGETASI LAIN,lkp_07_X1006_Y894,,,,vlain_00_X1096_Y912,3,,,,33,35,    0.004792
233,2,LANGKAP-VEGETASI LAIN,lkp_07_X1006_Y894,,,,vlain_10_X945_Y895,3,,,,34,11,    0.001506
234,2,LANGKAP-VEGETASI LAIN,lkp_07_X1006_Y894,,,,vlain_06_X1029_Y894,3,,,,35,3,    0.000411
235,2,LANGKAP-VEGETASI LAIN,lkp_07_X1006_Y894,,,,vlain_16_X1039_Y896,3,,,,36,2,    0.000274
236,2,LANGKAP-VEGETASI LAIN,lkp_07_X1006_Y894,,,,vlain_17_X1045_Y897,3,,,,37,2,    0.000274
237,2,LANGKAP-VEGETASI LAIN,lkp_07_X1006_Y894,,,,vlain_04_X1085_Y906,3,,,,38,12,    0.001643
238,2,LANGKAP-VEGETASI LAIN,lkp_07_X1006_Y894,,,,vlain_07_X1010_Y894,3,,,,39,4,    0.000548
239,2,LANGKAP-VEGETASI LAIN,lkp_07_X1006_Y894,,,,vlain_19_X1066_Y906,3,,,,40,7,    0.000958
240,2,LANGKAP-VEGETASI LAIN,lkp_07_X1006_Y894,,,,vlain_14_X878_Y839,3,,,,41,29,    0.003970
241,2,LANGKAP-VEGETASI LAIN,lkp_11_X983_Y900,,,,vlain_22a_X1096_Y917,4,,,,27,134,    0.018346
242,2,LANGKAP-VEGETASI LAIN,lkp_11_X983_Y900,,,,vlain_13_X948_Y913,4,,,,28,47,    0.006435
243,2,LANGKAP-VEGETASI LAIN,lkp_11_X983_Y900,,,,vlain_14_a_X993_Y897,4,,,,29,3,    0.000411
244,2,LANGKAP-VEGETASI LAIN,lkp_11_X983_Y900,,,,vlain_12_X946_Y900,4,,,,30,93,    0.012733
245,2,LANGKAP-VEGETASI LAIN,lkp_11_X983_Y900,,,,vlain_02_X1085_Y889,4,,,,31,78,    0.010679
246,2,LANGKAP-VEGETASI LAIN,lkp_11_X983_Y900,,,,vlain_8_X944_Y890,4,,,,32,239,    0.032722
247,2,LANGKAP-VEGETASI LAIN,lkp_11_X983_Y900,,,,vlain_00_X1096_Y912,4,,,,33,99,    0.013554
248,2,LANGKAP-VEGETASI LAIN,lkp_11_X983_Y900,,,,vlain_10_X945_Y895,4,,,,34,12,    0.001643
249,2,LANGKAP-VEGETASI LAIN,lkp_11_X983_Y900,,,,vlain_06_X1029_Y894,4,,,,35,15,    0.002054
250,2,LANGKAP-VEGETASI LAIN,lkp_11_X983_Y900,,,,vlain_16_X1039_Y896,4,,,,36,45,    0.006161
251,2,LANGKAP-VEGETASI LAIN,lkp_11_X983_Y900,,,,vlain_17_X1045_Y897,4,,,,37,5,    0.000685
252,2,LANGKAP-VEGETASI LAIN,lkp_11_X983_Y900,,,,vlain_04_X1085_Y906,4,,,,38,39,    0.005340
253,2,LANGKAP-VEGETASI LAIN,lkp_11_X983_Y900,,,,vlain_07_X1010_Y894,4,,,,39,15,    0.002054
254,2,LANGKAP-VEGETASI LAIN,lkp_11_X983_Y900,,,,vlain_19_X1066_Y906,4,,,,40,84,    0.011501
255,2,LANGKAP-VEGETASI LAIN,lkp_11_X983_Y900,,,,vlain_14_X878_Y839,4,,,,41,80,    0.010953
256,2,LANGKAP-VEGETASI LAIN,lkp_08_X1003_Y894,,,,vlain_22a_X1096_Y917,5,,,,27,96,    0.013144
257,2,LANGKAP-VEGETASI LAIN,lkp_08_X1003_Y894,,,,vlain_13_X948_Y913,5,,,,28,16,    0.002191
258,2,LANGKAP-VEGETASI LAIN,lkp_08_X1003_Y894,,,,vlain_14_a_X993_Y897,5,,,,29,1,    0.000137
259,2,LANGKAP-VEGETASI LAIN,lkp_08_X1003_Y894,,,,vlain_12_X946_Y900,5,,,,30,293,    0.040116
260,2,LANGKAP-VEGETASI LAIN,lkp_08_X1003_Y894,,,,vlain_02_X1085_Y889,5,,,,31,27,    0.003697
261,2,LANGKAP-VEGETASI LAIN,lkp_08_X1003_Y894,,,,vlain_8_X944_Y890,5,,,,32,283,    0.038747
262,2,LANGKAP-VEGETASI LAIN,lkp_08_X1003_Y894,,,,vlain_00_X1096_Y912,5,,,,33,65,    0.008899
263,2,LANGKAP-VEGETASI LAIN,lkp_08_X1003_Y894,,,,vlain_10_X945_Y895,5,,,,34,10,    0.001369
264,2,LANGKAP-VEGETASI LAIN,lkp_08_X1003_Y894,,,,vlain_06_X1029_Y894,5,,,,35,6,    0.000821
265,2,LANGKAP-VEGETASI LAIN,lkp_08_X1003_Y894,,,,vlain_16_X1039_Y896,5,,,,36,6,    0.000821
266,2,LANGKAP-VEGETASI LAIN,lkp_08_X1003_Y894,,,,vlain_17_X1045_Y897,5,,,,37,5,    0.000685
267,2,LANGKAP-VEGETASI LAIN,lkp_08_X1003_Y894,,,,vlain_04_X1085_Y906,5,,,,38,30,    0.004107
268,2,LANGKAP-VEGETASI LAIN,lkp_08_X1003_Y894,,,,vlain_07_X1010_Y894,5,,,,39,14,    0.001917
269,2,LANGKAP-VEGETASI LAIN,lkp_08_X1003_Y894,,,,vlain_19_X1066_Y906,5,,,,40,15,    0.002054
270,2,LANGKAP-VEGETASI LAIN,lkp_08_X1003_Y894,,,,vlain_14_X878_Y839,5,,,,41,26,    0.003560
271,2,LANGKAP-VEGETASI LAIN,lkp_20_X948_Y906,,,,vlain_22a_X1096_Y917,6,,,,27,220,    0.030121
272,2,LANGKAP-VEGETASI LAIN,lkp_20_X948_Y906,,,,vlain_13_X948_Y913,6,,,,28,289,    0.039568
273,2,LANGKAP-VEGETASI LAIN,lkp_20_X948_Y906,,,,vlain_14_a_X993_Y897,6,,,,29,21,    0.002875
274,2,LANGKAP-VEGETASI LAIN,lkp_20_X948_Y906,,,,vlain_12_X946_Y900,6,,,,30,194,    0.026561
275,2,LANGKAP-VEGETASI LAIN,lkp_20_X948_Y906,,,,vlain_02_X1085_Y889,6,,,,31,120,    0.016430
276,2,LANGKAP-VEGETASI LAIN,lkp_20_X948_Y906,,,,vlain_8_X944_Y890,6,,,,32,735,    0.100631
277,2,LANGKAP-VEGETASI LAIN,lkp_20_X948_Y906,,,,vlain_00_X1096_Y912,6,,,,33,496,    0.067909
278,2,LANGKAP-VEGETASI LAIN,lkp_20_X948_Y906,,,,vlain_10_X945_Y895,6,,,,34,28,    0.003834
279,2,LANGKAP-VEGETASI LAIN,lkp_20_X948_Y906,,,,vlain_06_X1029_Y894,6,,,,35,27,    0.003697
280,2,LANGKAP-VEGETASI LAIN,lkp_20_X948_Y906,,,,vlain_16_X1039_Y896,6,,,,36,486,    0.066540
281,2,LANGKAP-VEGETASI LAIN,lkp_20_X948_Y906,,,,vlain_17_X1045_Y897,6,,,,37,29,    0.003970
282,2,LANGKAP-VEGETASI LAIN,lkp_20_X948_Y906,,,,vlain_04_X1085_Y906,6,,,,38,673,    0.092143
283,2,LANGKAP-VEGETASI LAIN,lkp_20_X948_Y906,,,,vlain_07_X1010_Y894,6,,,,39,39,    0.005340
284,2,LANGKAP-VEGETASI LAIN,lkp_20_X948_Y906,,,,vlain_19_X1066_Y906,6,,,,40,718,    0.098304
285,2,LANGKAP-VEGETASI LAIN,lkp_20_X948_Y906,,,,vlain_14_X878_Y839,6,,,,41,928,    0.127056
286,2,LANGKAP-VEGETASI LAIN,lkp_14_X974_Y904,,,,vlain_22a_X1096_Y917,7,,,,27,45,    0.006161
287,2,LANGKAP-VEGETASI LAIN,lkp_14_X974_Y904,,,,vlain_13_X948_Y913,7,,,,28,7,    0.000958
288,2,LANGKAP-VEGETASI LAIN,lkp_14_X974_Y904,,,,vlain_14_a_X993_Y897,7,,,,29,7,    0.000958
289,2,LANGKAP-VEGETASI LAIN,lkp_14_X974_Y904,,,,vlain_12_X946_Y900,7,,,,30,42,    0.005750
290,2,LANGKAP-VEGETASI LAIN,lkp_14_X974_Y904,,,,vlain_02_X1085_Y889,7,,,,31,28,    0.003834
291,2,LANGKAP-VEGETASI LAIN,lkp_14_X974_Y904,,,,vlain_8_X944_Y890,7,,,,32,142,    0.019442
292,2,LANGKAP-VEGETASI LAIN,lkp_14_X974_Y904,,,,vlain_00_X1096_Y912,7,,,,33,20,    0.002738
293,2,LANGKAP-VEGETASI LAIN,lkp_14_X974_Y904,,,,vlain_10_X945_Y895,7,,,,34,1,    0.000137
294,2,LANGKAP-VEGETASI LAIN,lkp_14_X974_Y904,,,,vlain_06_X1029_Y894,7,,,,35,6,    0.000821
295,2,LANGKAP-VEGETASI LAIN,lkp_14_X974_Y904,,,,vlain_16_X1039_Y896,7,,,,36,7,    0.000958
296,2,LANGKAP-VEGETASI LAIN,lkp_14_X974_Y904,,,,vlain_17_X1045_Y897,7,,,,37,6,    0.000821
297,2,LANGKAP-VEGETASI LAIN,lkp_14_X974_Y904,,,,vlain_04_X1085_Y906,7,,,,38,11,    0.001506
298,2,LANGKAP-VEGETASI LAIN,lkp_14_X974_Y904,,,,vlain_07_X1010_Y894,7,,,,39,15,    0.002054
299,2,LANGKAP-VEGETASI LAIN,lkp_14_X974_Y904,,,,vlain_19_X1066_Y906,7,,,,40,17,    0.002328
300,2,LANGKAP-VEGETASI LAIN,lkp_14_X974_Y904,,,,vlain_14_X878_Y839,7,,,,41,7,    0.000958
301,2,LANGKAP-VEGETASI LAIN,lkp_02_X1097_Y909,,,,vlain_22a_X1096_Y917,8,,,,27,11,    0.001506
302,2,LANGKAP-VEGETASI LAIN,lkp_02_X1097_Y909,,,,vlain_13_X948_Y913,8,,,,28,57,    0.007804
303,2,LANGKAP-VEGETASI LAIN,lkp_02_X1097_Y909,,,,vlain_14_a_X993_Y897,8,,,,29,7,    0.000958
304,2,LANGKAP-VEGETASI LAIN,lkp_02_X1097_Y909,,,,vlain_12_X946_Y900,8,,,,30,115,    0.015745
305,2,LANGKAP-VEGETASI LAIN,lkp_02_X1097_Y909,,,,vlain_02_X1085_Y889,8,,,,31,1,    0.000137
306,2,LANGKAP-VEGETASI LAIN,lkp_02_X1097_Y909,,,,vlain_8_X944_Y890,8,,,,32,85,    0.011638
307,2,LANGKAP-VEGETASI LAIN,lkp_02_X1097_Y909,,,,vlain_00_X1096_Y912,8,,,,33,24,    0.003286
308,2,LANGKAP-VEGETASI LAIN,lkp_02_X1097_Y909,,,,vlain_10_X945_Y895,8,,,,34,17,    0.002328
309,2,LANGKAP-VEGETASI LAIN,lkp_02_X1097_Y909,,,,vlain_06_X1029_Y894,8,,,,35,13,    0.001780
310,2,LANGKAP-VEGETASI LAIN,lkp_02_X1097_Y909,,,,vlain_16_X1039_Y896,8,,,,36,23,    0.003149
311,2,LANGKAP-VEGETASI LAIN,lkp_02_X1097_Y909,,,,vlain_17_X1045_Y897,8,,,,37,10,    0.001369
312,2,LANGKAP-VEGETASI LAIN,lkp_02_X1097_Y909,,,,vlain_04_X1085_Y906,8,,,,38,10,    0.001369
313,2,LANGKAP-VEGETASI LAIN,lkp_02_X1097_Y909,,,,vlain_07_X1010_Y894,8,,,,39,38,    0.005203
314,2,LANGKAP-VEGETASI LAIN,lkp_02_X1097_Y909,,,,vlain_19_X1066_Y906,8,,,,40,16,    0.002191
315,2,LANGKAP-VEGETASI LAIN,lkp_02_X1097_Y909,,,,vlain_14_X878_Y839,8,,,,41,25,    0.003423
316,2,LANGKAP-VEGETASI LAIN,lkp_12_X980_Y900,,,,vlain_22a_X1096_Y917,9,,,,27,12,    0.001643
317,2,LANGKAP-VEGETASI LAIN,lkp_12_X980_Y900,,,,vlain_13_X948_Y913,9,,,,28,7,    0.000958
318,2,LANGKAP-VEGETASI LAIN,lkp_12_X980_Y900,,,,vlain_14_a_X993_Y897,9,,,,29,3,    0.000411
319,2,LANGKAP-VEGETASI LAIN,lkp_12_X980_Y900,,,,vlain_12_X946_Y900,9,,,,30,10,    0.001369
320,2,LANGKAP-VEGETASI LAIN,lkp_12_X980_Y900,,,,vlain_02_X1085_Y889,9,,,,31,11,    0.001506
321,2,LANGKAP-VEGETASI LAIN,lkp_12_X980_Y900,,,,vlain_8_X944_Y890,9,,,,32,12,    0.001643
322,2,LANGKAP-VEGETASI LAIN,lkp_12_X980_Y900,,,,vlain_00_X1096_Y912,9,,,,33,24,    0.003286
323,2,LANGKAP-VEGETASI LAIN,lkp_12_X980_Y900,,,,vlain_10_X945_Y895,9,,,,34,1,    0.000137
324,2,LANGKAP-VEGETASI LAIN,lkp_12_X980_Y900,,,,vlain_06_X1029_Y894,9,,,,35,5,    0.000685
325,2,LANGKAP-VEGETASI LAIN,lkp_12_X980_Y900,,,,vlain_16_X1039_Y896,9,,,,36,4,    0.000548
326,2,LANGKAP-VEGETASI LAIN,lkp_12_X980_Y900,,,,vlain_17_X1045_Y897,9,,,,37,2,    0.000274
327,2,LANGKAP-VEGETASI LAIN,lkp_12_X980_Y900,,,,vlain_04_X1085_Y906,9,,,,38,2,    0.000274
328,2,LANGKAP-VEGETASI LAIN,lkp_12_X980_Y900,,,,vlain_07_X1010_Y894,9,,,,39,3,    0.000411
329,2,LANGKAP-VEGETASI LAIN,lkp_12_X980_Y900,,,,vlain_19_X1066_Y906,9,,,,40,2,    0.000274
330,2,LANGKAP-VEGETASI LAIN,lkp_12_X980_Y900,,,,vlain_14_X878_Y839,9,,,,41,5,    0.000685
331,2,LANGKAP-VEGETASI LAIN,lkp_19_X948_Y904,,,,vlain_22a_X1096_Y917,10,,,,27,144,    0.019716
332,2,LANGKAP-VEGETASI LAIN,lkp_19_X948_Y904,,,,vlain_13_X948_Y913,10,,,,28,15,    0.002054
333,2,LANGKAP-VEGETASI LAIN,lkp_19_X948_Y904,,,,vlain_14_a_X993_Y897,10,,,,29,3,    0.000411
334,2,LANGKAP-VEGETASI LAIN,lkp_19_X948_Y904,,,,vlain_12_X946_Y900,10,,,,30,10,    0.001369
335,2,LANGKAP-VEGETASI LAIN,lkp_19_X948_Y904,,,,vlain_02_X1085_Y889,10,,,,31,33,    0.004518
336,2,LANGKAP-VEGETASI LAIN,lkp_19_X948_Y904,,,,vlain_8_X944_Y890,10,,,,32,95,    0.013007
337,2,LANGKAP-VEGETASI LAIN,lkp_19_X948_Y904,,,,vlain_00_X1096_Y912,10,,,,33,44,    0.006024
338,2,LANGKAP-VEGETASI LAIN,lkp_19_X948_Y904,,,,vlain_10_X945_Y895,10,,,,34,9,    0.001232
339,2,LANGKAP-VEGETASI LAIN,lkp_19_X948_Y904,,,,vlain_06_X1029_Y894,10,,,,35,4,    0.000548
340,2,LANGKAP-VEGETASI LAIN,lkp_19_X948_Y904,,,,vlain_16_X1039_Y896,10,,,,36,9,    0.001232
341,2,LANGKAP-VEGETASI LAIN,lkp_19_X948_Y904,,,,vlain_17_X1045_Y897,10,,,,37,6,    0.000821
342,2,LANGKAP-VEGETASI LAIN,lkp_19_X948_Y904,,,,vlain_04_X1085_Y906,10,,,,38,21,    0.002875
343,2,LANGKAP-VEGETASI LAIN,lkp_19_X948_Y904,,,,vlain_07_X1010_Y894,10,,,,39,12,    0.001643
344,2,LANGKAP-VEGETASI LAIN,lkp_19_X948_Y904,,,,vlain_19_X1066_Y906,10,,,,40,96,    0.013144
345,2,LANGKAP-VEGETASI LAIN,lkp_19_X948_Y904,,,,vlain_14_X878_Y839,10,,,,41,9,    0.001232
346,2,LANGKAP-VEGETASI LAIN,lkp_04_X1086_Y902,,,,vlain_22a_X1096_Y917,11,,,,27,62,    0.008489
347,2,LANGKAP-VEGETASI LAIN,lkp_04_X1086_Y902,,,,vlain_13_X948_Y913,11,,,,28,136,    0.018620
348,2,LANGKAP-VEGETASI LAIN,lkp_04_X1086_Y902,,,,vlain_14_a_X993_Y897,11,,,,29,18,    0.002464
349,2,LANGKAP-VEGETASI LAIN,lkp_04_X1086_Y902,,,,vlain_12_X946_Y900,11,,,,30,332,    0.045455
350,2,LANGKAP-VEGETASI LAIN,lkp_04_X1086_Y902,,,,vlain_02_X1085_Y889,11,,,,31,21,    0.002875
351,2,LANGKAP-VEGETASI LAIN,lkp_04_X1086_Y902,,,,vlain_8_X944_Y890,11,,,,32,1662,    0.227550
352,2,LANGKAP-VEGETASI LAIN,lkp_04_X1086_Y902,,,,vlain_00_X1096_Y912,11,,,,33,21,    0.002875
353,2,LANGKAP-VEGETASI LAIN,lkp_04_X1086_Y902,,,,vlain_10_X945_Y895,11,,,,34,59,    0.008078
354,2,LANGKAP-VEGETASI LAIN,lkp_04_X1086_Y902,,,,vlain_06_X1029_Y894,11,,,,35,11,    0.001506
355,2,LANGKAP-VEGETASI LAIN,lkp_04_X1086_Y902,,,,vlain_16_X1039_Y896,11,,,,36,111,    0.015197
356,2,LANGKAP-VEGETASI LAIN,lkp_04_X1086_Y902,,,,vlain_17_X1045_Y897,11,,,,37,8,    0.001095
357,2,LANGKAP-VEGETASI LAIN,lkp_04_X1086_Y902,,,,vlain_04_X1085_Y906,11,,,,38,1,    0.000137
358,2,LANGKAP-VEGETASI LAIN,lkp_04_X1086_Y902,,,,vlain_07_X1010_Y894,11,,,,39,181,    0.024781
359,2,LANGKAP-VEGETASI LAIN,lkp_04_X1086_Y902,,,,vlain_19_X1066_Y906,11,,,,40,252,    0.034502
360,2,LANGKAP-VEGETASI LAIN,lkp_04_X1086_Y902,,,,vlain_14_X878_Y839,11,,,,41,1347,    0.184423
361,2,PASIR-RUMPUT,,pasir_05_X778_Y210,rumput_10_X789_Y532,,,,12,15,,,1409,    0.192911
362,2,PASIR-RUMPUT,,pasir_05_X778_Y210,rumput_09_X789_Y538,,,,12,16,,,1470,    0.201263
363,2,PASIR-RUMPUT,,pasir_05_X778_Y210,rumput_07_X786_Y556,,,,12,17,,,17,    0.002328
364,2,PASIR-RUMPUT,,pasir_03_X784_Y203,rumput_10_X789_Y532,,,,13,15,,,48,    0.006572
365,2,PASIR-RUMPUT,,pasir_03_X784_Y203,rumput_09_X789_Y538,,,,13,16,,,891,    0.121990
366,2,PASIR-RUMPUT,,pasir_03_X784_Y203,rumput_07_X786_Y556,,,,13,17,,,3,    0.000411
367,2,PASIR-RUMPUT,,pasir_06_X782_Y206,rumput_10_X789_Y532,,,,14,15,,,4748,    0.650065
368,2,PASIR-RUMPUT,,pasir_06_X782_Y206,rumput_09_X789_Y538,,,,14,16,,,2122,    0.290531
369,2,PASIR-RUMPUT,,pasir_06_X782_Y206,rumput_07_X786_Y556,,,,14,17,,,2,    0.000274
370,2,PASIR-VEGETASI BASAH,,pasir_05_X778_Y210,,vbasah_10_X865_Y433,,,12,,18,,167,    0.022865
371,2,PASIR-VEGETASI BASAH,,pasir_05_X778_Y210,,vbasah_11_X861_Y437,,,12,,19,,121,    0.016567
372,2,PASIR-VEGETASI BASAH,,pasir_05_X778_Y210,,vbasah_05_X1032_Y826,,,12,,20,,79,    0.010816
373,2,PASIR-VEGETASI BASAH,,pasir_05_X778_Y210,,vbasah_14_X791_Y303,,,12,,21,,33,    0.004518
374,2,PASIR-VEGETASI BASAH,,pasir_05_X778_Y210,,vbasah_03_X1106_Y868,,,12,,22,,65,    0.008899
375,2,PASIR-VEGETASI BASAH,,pasir_05_X778_Y210,,vbasah_07_X1016_Y809,,,12,,23,,10,    0.001369
376,2,PASIR-VEGETASI BASAH,,pasir_05_X778_Y210,,vbasah_02_X1064_Y859,,,12,,24,,75,    0.010269
377,2,PASIR-VEGETASI BASAH,,pasir_05_X778_Y210,,vbasah_13_X798_Y295,,,12,,25,,50,    0.006846
378,2,PASIR-VEGETASI BASAH,,pasir_05_X778_Y210,,vbasah_08_X1021_Y786,,,12,,26,,23,    0.003149
379,2,PASIR-VEGETASI BASAH,,pasir_03_X784_Y203,,vbasah_10_X865_Y433,,,13,,18,,130,    0.017799
380,2,PASIR-VEGETASI BASAH,,pasir_03_X784_Y203,,vbasah_11_X861_Y437,,,13,,19,,68,    0.009310
381,2,PASIR-VEGETASI BASAH,,pasir_03_X784_Y203,,vbasah_05_X1032_Y826,,,13,,20,,5,    0.000685
382,2,PASIR-VEGETASI BASAH,,pasir_03_X784_Y203,,vbasah_14_X791_Y303,,,13,,21,,23,    0.003149
383,2,PASIR-VEGETASI BASAH,,pasir_03_X784_Y203,,vbasah_03_X1106_Y868,,,13,,22,,14,    0.001917
384,2,PASIR-VEGETASI BASAH,,pasir_03_X784_Y203,,vbasah_07_X1016_Y809,,,13,,23,,4,    0.000548
385,2,PASIR-VEGETASI BASAH,,pasir_03_X784_Y203,,vbasah_02_X1064_Y859,,,13,,24,,25,    0.003423
386,2,PASIR-VEGETASI BASAH,,pasir_03_X784_Y203,,vbasah_13_X798_Y295,,,13,,25,,24,    0.003286
387,2,PASIR-VEGETASI BASAH,,pasir_03_X784_Y203,,vbasah_08_X1021_Y786,,,13,,26,,5,    0.000685
388,2,PASIR-VEGETASI BASAH,,pasir_06_X782_Y206,,vbasah_10_X865_Y433,,,14,,18,,152,    0.020811
389,2,PASIR-VEGETASI BASAH,,pasir_06_X782_Y206,,vbasah_11_X861_Y437,,,14,,19,,28,    0.003834
390,2,PASIR-VEGETASI BASAH,,pasir_06_X782_Y206,,vbasah_05_X1032_Y826,,,14,,20,,15,    0.002054
391,2,PASIR-VEGETASI BASAH,,pasir_06_X782_Y206,,vbasah_14_X791_Y303,,,14,,21,,32,    0.004381
392,2,PASIR-VEGETASI BASAH,,pasir_06_X782_Y206,,vbasah_03_X1106_Y868,,,14,,22,,30,    0.004107
393,2,PASIR-VEGETASI BASAH,,pasir_06_X782_Y206,,vbasah_07_X1016_Y809,,,14,,23,,1,    0.000137
394,2,PASIR-VEGETASI BASAH,,pasir_06_X782_Y206,,vbasah_02_X1064_Y859,,,14,,24,,34,    0.004655
395,2,PASIR-VEGETASI BASAH,,pasir_06_X782_Y206,,vbasah_13_X798_Y295,,,14,,25,,23,    0.003149
396,2,PASIR-VEGETASI BASAH,,pasir_06_X782_Y206,,vbasah_08_X1021_Y786,,,14,,26,,5,    0.000685
397,2,PASIR-VEGETASI LAIN,,pasir_05_X778_Y210,,,vlain_22a_X1096_Y917,,12,,,27,111,    0.015197
398,2,PASIR-VEGETASI LAIN,,pasir_05_X778_Y210,,,vlain_13_X948_Y913,,12,,,28,384,    0.052575
399,2,PASIR-VEGETASI LAIN,,pasir_05_X778_Y210,,,vlain_14_a_X993_Y897,,12,,,29,24,    0.003286
400,2,PASIR-VEGETASI LAIN,,pasir_05_X778_Y210,,,vlain_12_X946_Y900,,12,,,30,272,    0.037240
401,2,PASIR-VEGETASI LAIN,,pasir_05_X778_Y210,,,vlain_02_X1085_Y889,,12,,,31,189,    0.025877
402,2,PASIR-VEGETASI LAIN,,pasir_05_X778_Y210,,,vlain_8_X944_Y890,,12,,,32,780,    0.106793
403,2,PASIR-VEGETASI LAIN,,pasir_05_X778_Y210,,,vlain_00_X1096_Y912,,12,,,33,60,    0.008215
404,2,PASIR-VEGETASI LAIN,,pasir_05_X778_Y210,,,vlain_10_X945_Y895,,12,,,34,71,    0.009721
405,2,PASIR-VEGETASI LAIN,,pasir_05_X778_Y210,,,vlain_06_X1029_Y894,,12,,,35,22,    0.003012
406,2,PASIR-VEGETASI LAIN,,pasir_05_X778_Y210,,,vlain_16_X1039_Y896,,12,,,36,154,    0.021085
407,2,PASIR-VEGETASI LAIN,,pasir_05_X778_Y210,,,vlain_17_X1045_Y897,,12,,,37,55,    0.007530
408,2,PASIR-VEGETASI LAIN,,pasir_05_X778_Y210,,,vlain_04_X1085_Y906,,12,,,38,80,    0.010953
409,2,PASIR-VEGETASI LAIN,,pasir_05_X778_Y210,,,vlain_07_X1010_Y894,,12,,,39,365,    0.049973
410,2,PASIR-VEGETASI LAIN,,pasir_05_X778_Y210,,,vlain_19_X1066_Y906,,12,,,40,43,    0.005887
411,2,PASIR-VEGETASI LAIN,,pasir_05_X778_Y210,,,vlain_14_X878_Y839,,12,,,41,58,    0.007941
412,2,PASIR-VEGETASI LAIN,,pasir_03_X784_Y203,,,vlain_22a_X1096_Y917,,13,,,27,56,    0.007667
413,2,PASIR-VEGETASI LAIN,,pasir_03_X784_Y203,,,vlain_13_X948_Y913,,13,,,28,151,    0.020674
414,2,PASIR-VEGETASI LAIN,,pasir_03_X784_Y203,,,vlain_14_a_X993_Y897,,13,,,29,6,    0.000821
415,2,PASIR-VEGETASI LAIN,,pasir_03_X784_Y203,,,vlain_12_X946_Y900,,13,,,30,556,    0.076124
416,2,PASIR-VEGETASI LAIN,,pasir_03_X784_Y203,,,vlain_02_X1085_Y889,,13,,,31,23,    0.003149
417,2,PASIR-VEGETASI LAIN,,pasir_03_X784_Y203,,,vlain_8_X944_Y890,,13,,,32,1998,    0.273553
418,2,PASIR-VEGETASI LAIN,,pasir_03_X784_Y203,,,vlain_00_X1096_Y912,,13,,,33,14,    0.001917
419,2,PASIR-VEGETASI LAIN,,pasir_03_X784_Y203,,,vlain_10_X945_Y895,,13,,,34,109,    0.014924
420,2,PASIR-VEGETASI LAIN,,pasir_03_X784_Y203,,,vlain_06_X1029_Y894,,13,,,35,2,    0.000274
421,2,PASIR-VEGETASI LAIN,,pasir_03_X784_Y203,,,vlain_16_X1039_Y896,,13,,,36,38,    0.005203
422,2,PASIR-VEGETASI LAIN,,pasir_03_X784_Y203,,,vlain_17_X1045_Y897,,13,,,37,7,    0.000958
423,2,PASIR-VEGETASI LAIN,,pasir_03_X784_Y203,,,vlain_04_X1085_Y906,,13,,,38,27,    0.003697
424,2,PASIR-VEGETASI LAIN,,pasir_03_X784_Y203,,,vlain_07_X1010_Y894,,13,,,39,38,    0.005203
425,2,PASIR-VEGETASI LAIN,,pasir_03_X784_Y203,,,vlain_19_X1066_Y906,,13,,,40,6,    0.000821
426,2,PASIR-VEGETASI LAIN,,pasir_03_X784_Y203,,,vlain_14_X878_Y839,,13,,,41,63,    0.008626
427,2,PASIR-VEGETASI LAIN,,pasir_06_X782_Y206,,,vlain_22a_X1096_Y917,,14,,,27,61,    0.008352
428,2,PASIR-VEGETASI LAIN,,pasir_06_X782_Y206,,,vlain_13_X948_Y913,,14,,,28,41,    0.005613
429,2,PASIR-VEGETASI LAIN,,pasir_06_X782_Y206,,,vlain_14_a_X993_Y897,,14,,,29,11,    0.001506
430,2,PASIR-VEGETASI LAIN,,pasir_06_X782_Y206,,,vlain_12_X946_Y900,,14,,,30,250,    0.034228
431,2,PASIR-VEGETASI LAIN,,pasir_06_X782_Y206,,,vlain_02_X1085_Y889,,14,,,31,53,    0.007256
432,2,PASIR-VEGETASI LAIN,,pasir_06_X782_Y206,,,vlain_8_X944_Y890,,14,,,32,282,    0.038610
433,2,PASIR-VEGETASI LAIN,,pasir_06_X782_Y206,,,vlain_00_X1096_Y912,,14,,,33,9,    0.001232
434,2,PASIR-VEGETASI LAIN,,pasir_06_X782_Y206,,,vlain_10_X945_Y895,,14,,,34,29,    0.003970
435,2,PASIR-VEGETASI LAIN,,pasir_06_X782_Y206,,,vlain_06_X1029_Y894,,14,,,35,23,    0.003149
436,2,PASIR-VEGETASI LAIN,,pasir_06_X782_Y206,,,vlain_16_X1039_Y896,,14,,,36,15,    0.002054
437,2,PASIR-VEGETASI LAIN,,pasir_06_X782_Y206,,,vlain_17_X1045_Y897,,14,,,37,29,    0.003970
438,2,PASIR-VEGETASI LAIN,,pasir_06_X782_Y206,,,vlain_04_X1085_Y906,,14,,,38,43,    0.005887
439,2,PASIR-VEGETASI LAIN,,pasir_06_X782_Y206,,,vlain_07_X1010_Y894,,14,,,39,43,    0.005887
440,2,PASIR-VEGETASI LAIN,,pasir_06_X782_Y206,,,vlain_19_X1066_Y906,,14,,,40,3,    0.000411
441,2,PASIR-VEGETASI LAIN,,pasir_06_X782_Y206,,,vlain_14_X878_Y839,,14,,,41,32,    0.004381
442,2,RUMPUT-VEGETASI BASAH,,,rumput_10_X789_Y532,vbasah_10_X865_Y433,,,,15,18,,12,    0.001643
443,2,RUMPUT-VEGETASI BASAH,,,rumput_10_X789_Y532,vbasah_11_X861_Y437,,,,15,19,,62,    0.008489
444,2,RUMPUT-VEGETASI BASAH,,,rumput_10_X789_Y532,vbasah_05_X1032_Y826,,,,15,20,,392,    0.053670
445,2,RUMPUT-VEGETASI BASAH,,,rumput_10_X789_Y532,vbasah_14_X791_Y303,,,,15,21,,725,    0.099262
446,2,RUMPUT-VEGETASI BASAH,,,rumput_10_X789_Y532,vbasah_03_X1106_Y868,,,,15,22,,97,    0.013281
447,2,RUMPUT-VEGETASI BASAH,,,rumput_10_X789_Y532,vbasah_07_X1016_Y809,,,,15,23,,220,    0.030121
448,2,RUMPUT-VEGETASI BASAH,,,rumput_10_X789_Y532,vbasah_02_X1064_Y859,,,,15,24,,69,    0.009447
449,2,RUMPUT-VEGETASI BASAH,,,rumput_10_X789_Y532,vbasah_13_X798_Y295,,,,15,25,,279,    0.038199
450,2,RUMPUT-VEGETASI BASAH,,,rumput_10_X789_Y532,vbasah_08_X1021_Y786,,,,15,26,,16,    0.002191
451,2,RUMPUT-VEGETASI BASAH,,,rumput_09_X789_Y538,vbasah_10_X865_Y433,,,,16,18,,144,    0.019716
452,2,RUMPUT-VEGETASI BASAH,,,rumput_09_X789_Y538,vbasah_11_X861_Y437,,,,16,19,,474,    0.064897
453,2,RUMPUT-VEGETASI BASAH,,,rumput_09_X789_Y538,vbasah_05_X1032_Y826,,,,16,20,,111,    0.015197
454,2,RUMPUT-VEGETASI BASAH,,,rumput_09_X789_Y538,vbasah_14_X791_Y303,,,,16,21,,759,    0.103917
455,2,RUMPUT-VEGETASI BASAH,,,rumput_09_X789_Y538,vbasah_03_X1106_Y868,,,,16,22,,11,    0.001506
456,2,RUMPUT-VEGETASI BASAH,,,rumput_09_X789_Y538,vbasah_07_X1016_Y809,,,,16,23,,333,    0.045592
457,2,RUMPUT-VEGETASI BASAH,,,rumput_09_X789_Y538,vbasah_02_X1064_Y859,,,,16,24,,36,    0.004929
458,2,RUMPUT-VEGETASI BASAH,,,rumput_09_X789_Y538,vbasah_13_X798_Y295,,,,16,25,,343,    0.046961
459,2,RUMPUT-VEGETASI BASAH,,,rumput_09_X789_Y538,vbasah_08_X1021_Y786,,,,16,26,,8,    0.001095
460,2,RUMPUT-VEGETASI BASAH,,,rumput_07_X786_Y556,vbasah_10_X865_Y433,,,,17,18,,7,    0.000958
461,2,RUMPUT-VEGETASI BASAH,,,rumput_07_X786_Y556,vbasah_11_X861_Y437,,,,17,19,,17,    0.002328
462,2,RUMPUT-VEGETASI BASAH,,,rumput_07_X786_Y556,vbasah_05_X1032_Y826,,,,17,20,,74,    0.010132
463,2,RUMPUT-VEGETASI BASAH,,,rumput_07_X786_Y556,vbasah_14_X791_Y303,,,,17,21,,40,    0.005477
464,2,RUMPUT-VEGETASI BASAH,,,rumput_07_X786_Y556,vbasah_03_X1106_Y868,,,,17,22,,5,    0.000685
465,2,RUMPUT-VEGETASI BASAH,,,rumput_07_X786_Y556,vbasah_07_X1016_Y809,,,,17,23,,28,    0.003834
466,2,RUMPUT-VEGETASI BASAH,,,rumput_07_X786_Y556,vbasah_02_X1064_Y859,,,,17,24,,4,    0.000548
467,2,RUMPUT-VEGETASI BASAH,,,rumput_07_X786_Y556,vbasah_13_X798_Y295,,,,17,25,,5,    0.000685
468,2,RUMPUT-VEGETASI BASAH,,,rumput_07_X786_Y556,vbasah_08_X1021_Y786,,,,17,26,,0,0
469,2,RUMPUT-VEGETASI LAIN,,,rumput_10_X789_Y532,,vlain_22a_X1096_Y917,,,15,,27,735,    0.100631
470,2,RUMPUT-VEGETASI LAIN,,,rumput_10_X789_Y532,,vlain_13_X948_Y913,,,15,,28,3,    0.000411
471,2,RUMPUT-VEGETASI LAIN,,,rumput_10_X789_Y532,,vlain_14_a_X993_Y897,,,15,,29,14,    0.001917
472,2,RUMPUT-VEGETASI LAIN,,,rumput_10_X789_Y532,,vlain_12_X946_Y900,,,15,,30,2060,    0.282042
473,2,RUMPUT-VEGETASI LAIN,,,rumput_10_X789_Y532,,vlain_02_X1085_Y889,,,15,,31,24,    0.003286
474,2,RUMPUT-VEGETASI LAIN,,,rumput_10_X789_Y532,,vlain_8_X944_Y890,,,15,,32,100,    0.013691
475,2,RUMPUT-VEGETASI LAIN,,,rumput_10_X789_Y532,,vlain_00_X1096_Y912,,,15,,33,692,    0.094744
476,2,RUMPUT-VEGETASI LAIN,,,rumput_10_X789_Y532,,vlain_10_X945_Y895,,,15,,34,8,    0.001095
477,2,RUMPUT-VEGETASI LAIN,,,rumput_10_X789_Y532,,vlain_06_X1029_Y894,,,15,,35,44,    0.006024
478,2,RUMPUT-VEGETASI LAIN,,,rumput_10_X789_Y532,,vlain_16_X1039_Y896,,,15,,36,15,    0.002054
479,2,RUMPUT-VEGETASI LAIN,,,rumput_10_X789_Y532,,vlain_17_X1045_Y897,,,15,,37,217,    0.029710
480,2,RUMPUT-VEGETASI LAIN,,,rumput_10_X789_Y532,,vlain_04_X1085_Y906,,,15,,38,2591,    0.354743
481,2,RUMPUT-VEGETASI LAIN,,,rumput_10_X789_Y532,,vlain_07_X1010_Y894,,,15,,39,57,    0.007804
482,2,RUMPUT-VEGETASI LAIN,,,rumput_10_X789_Y532,,vlain_19_X1066_Y906,,,15,,40,476,    0.065171
483,2,RUMPUT-VEGETASI LAIN,,,rumput_10_X789_Y532,,vlain_14_X878_Y839,,,15,,41,40,    0.005477
484,2,RUMPUT-VEGETASI LAIN,,,rumput_09_X789_Y538,,vlain_22a_X1096_Y917,,,16,,27,39,    0.005340
485,2,RUMPUT-VEGETASI LAIN,,,rumput_09_X789_Y538,,vlain_13_X948_Y913,,,16,,28,22,    0.003012
486,2,RUMPUT-VEGETASI LAIN,,,rumput_09_X789_Y538,,vlain_14_a_X993_Y897,,,16,,29,5,    0.000685
487,2,RUMPUT-VEGETASI LAIN,,,rumput_09_X789_Y538,,vlain_12_X946_Y900,,,16,,30,1606,    0.219883
488,2,RUMPUT-VEGETASI LAIN,,,rumput_09_X789_Y538,,vlain_02_X1085_Y889,,,16,,31,17,    0.002328
489,2,RUMPUT-VEGETASI LAIN,,,rumput_09_X789_Y538,,vlain_8_X944_Y890,,,16,,32,349,    0.047783
490,2,RUMPUT-VEGETASI LAIN,,,rumput_09_X789_Y538,,vlain_00_X1096_Y912,,,16,,33,105,    0.014376
491,2,RUMPUT-VEGETASI LAIN,,,rumput_09_X789_Y538,,vlain_10_X945_Y895,,,16,,34,46,    0.006298
492,2,RUMPUT-VEGETASI LAIN,,,rumput_09_X789_Y538,,vlain_06_X1029_Y894,,,16,,35,11,    0.001506
493,2,RUMPUT-VEGETASI LAIN,,,rumput_09_X789_Y538,,vlain_16_X1039_Y896,,,16,,36,36,    0.004929
494,2,RUMPUT-VEGETASI LAIN,,,rumput_09_X789_Y538,,vlain_17_X1045_Y897,,,16,,37,21,    0.002875
495,2,RUMPUT-VEGETASI LAIN,,,rumput_09_X789_Y538,,vlain_04_X1085_Y906,,,16,,38,247,    0.033818
496,2,RUMPUT-VEGETASI LAIN,,,rumput_09_X789_Y538,,vlain_07_X1010_Y894,,,16,,39,122,    0.016703
497,2,RUMPUT-VEGETASI LAIN,,,rumput_09_X789_Y538,,vlain_19_X1066_Y906,,,16,,40,149,    0.020400
498,2,RUMPUT-VEGETASI LAIN,,,rumput_09_X789_Y538,,vlain_14_X878_Y839,,,16,,41,205,    0.028067
499,2,RUMPUT-VEGETASI LAIN,,,rumput_07_X786_Y556,,vlain_22a_X1096_Y917,,,17,,27,92,    0.012596
500,2,RUMPUT-VEGETASI LAIN,,,rumput_07_X786_Y556,,vlain_13_X948_Y913,,,17,,28,77,    0.010542
501,2,RUMPUT-VEGETASI LAIN,,,rumput_07_X786_Y556,,vlain_14_a_X993_Y897,,,17,,29,18,    0.002464
502,2,RUMPUT-VEGETASI LAIN,,,rumput_07_X786_Y556,,vlain_12_X946_Y900,,,17,,30,305,    0.041759
503,2,RUMPUT-VEGETASI LAIN,,,rumput_07_X786_Y556,,vlain_02_X1085_Y889,,,17,,31,48,    0.006572
504,2,RUMPUT-VEGETASI LAIN,,,rumput_07_X786_Y556,,vlain_8_X944_Y890,,,17,,32,229,    0.031353
505,2,RUMPUT-VEGETASI LAIN,,,rumput_07_X786_Y556,,vlain_00_X1096_Y912,,,17,,33,29,    0.003970
506,2,RUMPUT-VEGETASI LAIN,,,rumput_07_X786_Y556,,vlain_10_X945_Y895,,,17,,34,81,    0.011090
507,2,RUMPUT-VEGETASI LAIN,,,rumput_07_X786_Y556,,vlain_06_X1029_Y894,,,17,,35,16,    0.002191
508,2,RUMPUT-VEGETASI LAIN,,,rumput_07_X786_Y556,,vlain_16_X1039_Y896,,,17,,36,14,    0.001917
509,2,RUMPUT-VEGETASI LAIN,,,rumput_07_X786_Y556,,vlain_17_X1045_Y897,,,17,,37,8,    0.001095
510,2,RUMPUT-VEGETASI LAIN,,,rumput_07_X786_Y556,,vlain_04_X1085_Y906,,,17,,38,94,    0.012870
511,2,RUMPUT-VEGETASI LAIN,,,rumput_07_X786_Y556,,vlain_07_X1010_Y894,,,17,,39,38,    0.005203
512,2,RUMPUT-VEGETASI LAIN,,,rumput_07_X786_Y556,,vlain_19_X1066_Y906,,,17,,40,28,    0.003834
513,2,RUMPUT-VEGETASI LAIN,,,rumput_07_X786_Y556,,vlain_14_X878_Y839,,,17,,41,113,    0.015471
514,2,VEGETASI BASAH-VEGETASI LAIN,,,,vbasah_10_X865_Y433,vlain_22a_X1096_Y917,,,,18,27,13,    0.001780
515,2,VEGETASI BASAH-VEGETASI LAIN,,,,vbasah_10_X865_Y433,vlain_13_X948_Y913,,,,18,28,4,    0.000548
516,2,VEGETASI BASAH-VEGETASI LAIN,,,,vbasah_10_X865_Y433,vlain_14_a_X993_Y897,,,,18,29,2,    0.000274
517,2,VEGETASI BASAH-VEGETASI LAIN,,,,vbasah_10_X865_Y433,vlain_12_X946_Y900,,,,18,30,46,    0.006298
518,2,VEGETASI BASAH-VEGETASI LAIN,,,,vbasah_10_X865_Y433,vlain_02_X1085_Y889,,,,18,31,5,    0.000685
519,2,VEGETASI BASAH-VEGETASI LAIN,,,,vbasah_10_X865_Y433,vlain_8_X944_Y890,,,,18,32,213,    0.029163
520,2,VEGETASI BASAH-VEGETASI LAIN,,,,vbasah_10_X865_Y433,vlain_00_X1096_Y912,,,,18,33,77,    0.010542
521,2,VEGETASI BASAH-VEGETASI LAIN,,,,vbasah_10_X865_Y433,vlain_10_X945_Y895,,,,18,34,3,    0.000411
522,2,VEGETASI BASAH-VEGETASI LAIN,,,,vbasah_10_X865_Y433,vlain_06_X1029_Y894,,,,18,35,17,    0.002328
523,2,VEGETASI BASAH-VEGETASI LAIN,,,,vbasah_10_X865_Y433,vlain_16_X1039_Y896,,,,18,36,65,    0.008899
524,2,VEGETASI BASAH-VEGETASI LAIN,,,,vbasah_10_X865_Y433,vlain_17_X1045_Y897,,,,18,37,40,    0.005477
525,2,VEGETASI BASAH-VEGETASI LAIN,,,,vbasah_10_X865_Y433,vlain_04_X1085_Y906,,,,18,38,4,    0.000548
526,2,VEGETASI BASAH-VEGETASI LAIN,,,,vbasah_10_X865_Y433,vlain_07_X1010_Y894,,,,18,39,20,    0.002738
527,2,VEGETASI BASAH-VEGETASI LAIN,,,,vbasah_10_X865_Y433,vlain_19_X1066_Y906,,,,18,40,145,    0.019852
528,2,VEGETASI BASAH-VEGETASI LAIN,,,,vbasah_10_X865_Y433,vlain_14_X878_Y839,,,,18,41,1,    0.000137
529,2,VEGETASI BASAH-VEGETASI LAIN,,,,vbasah_11_X861_Y437,vlain_22a_X1096_Y917,,,,19,27,13,    0.001780
530,2,VEGETASI BASAH-VEGETASI LAIN,,,,vbasah_11_X861_Y437,vlain_13_X948_Y913,,,,19,28,17,    0.002328
531,2,VEGETASI BASAH-VEGETASI LAIN,,,,vbasah_11_X861_Y437,vlain_14_a_X993_Y897,,,,19,29,7,    0.000958
532,2,VEGETASI BASAH-VEGETASI LAIN,,,,vbasah_11_X861_Y437,vlain_12_X946_Y900,,,,19,30,145,    0.019852
533,2,VEGETASI BASAH-VEGETASI LAIN,,,,vbasah_11_X861_Y437,vlain_02_X1085_Y889,,,,19,31,15,    0.002054
534,2,VEGETASI BASAH-VEGETASI LAIN,,,,vbasah_11_X861_Y437,vlain_8_X944_Y890,,,,19,32,266,    0.036419
535,2,VEGETASI BASAH-VEGETASI LAIN,,,,vbasah_11_X861_Y437,vlain_00_X1096_Y912,,,,19,33,101,    0.013828
536,2,VEGETASI BASAH-VEGETASI LAIN,,,,vbasah_11_X861_Y437,vlain_10_X945_Y895,,,,19,34,17,    0.002328
537,2,VEGETASI BASAH-VEGETASI LAIN,,,,vbasah_11_X861_Y437,vlain_06_X1029_Y894,,,,19,35,22,    0.003012
538,2,VEGETASI BASAH-VEGETASI LAIN,,,,vbasah_11_X861_Y437,vlain_16_X1039_Y896,,,,19,36,78,    0.010679
539,2,VEGETASI BASAH-VEGETASI LAIN,,,,vbasah_11_X861_Y437,vlain_17_X1045_Y897,,,,19,37,51,    0.006983
540,2,VEGETASI BASAH-VEGETASI LAIN,,,,vbasah_11_X861_Y437,vlain_04_X1085_Y906,,,,19,38,15,    0.002054
541,2,VEGETASI BASAH-VEGETASI LAIN,,,,vbasah_11_X861_Y437,vlain_07_X1010_Y894,,,,19,39,90,    0.012322
542,2,VEGETASI BASAH-VEGETASI LAIN,,,,vbasah_11_X861_Y437,vlain_19_X1066_Y906,,,,19,40,138,    0.018894
543,2,VEGETASI BASAH-VEGETASI LAIN,,,,vbasah_11_X861_Y437,vlain_14_X878_Y839,,,,19,41,32,    0.004381
544,2,VEGETASI BASAH-VEGETASI LAIN,,,,vbasah_05_X1032_Y826,vlain_22a_X1096_Y917,,,,20,27,88,    0.012048
545,2,VEGETASI BASAH-VEGETASI LAIN,,,,vbasah_05_X1032_Y826,vlain_13_X948_Y913,,,,20,28,80,    0.010953
546,2,VEGETASI BASAH-VEGETASI LAIN,,,,vbasah_05_X1032_Y826,vlain_14_a_X993_Y897,,,,20,29,18,    0.002464
547,2,VEGETASI BASAH-VEGETASI LAIN,,,,vbasah_05_X1032_Y826,vlain_12_X946_Y900,,,,20,30,142,    0.019442
548,2,VEGETASI BASAH-VEGETASI LAIN,,,,vbasah_05_X1032_Y826,vlain_02_X1085_Y889,,,,20,31,51,    0.006983
549,2,VEGETASI BASAH-VEGETASI LAIN,,,,vbasah_05_X1032_Y826,vlain_8_X944_Y890,,,,20,32,20,    0.002738
550,2,VEGETASI BASAH-VEGETASI LAIN,,,,vbasah_05_X1032_Y826,vlain_00_X1096_Y912,,,,20,33,78,    0.010679
551,2,VEGETASI BASAH-VEGETASI LAIN,,,,vbasah_05_X1032_Y826,vlain_10_X945_Y895,,,,20,34,16,    0.002191
552,2,VEGETASI BASAH-VEGETASI LAIN,,,,vbasah_05_X1032_Y826,vlain_06_X1029_Y894,,,,20,35,12,    0.001643
553,2,VEGETASI BASAH-VEGETASI LAIN,,,,vbasah_05_X1032_Y826,vlain_16_X1039_Y896,,,,20,36,17,    0.002328
554,2,VEGETASI BASAH-VEGETASI LAIN,,,,vbasah_05_X1032_Y826,vlain_17_X1045_Y897,,,,20,37,14,    0.001917
555,2,VEGETASI BASAH-VEGETASI LAIN,,,,vbasah_05_X1032_Y826,vlain_04_X1085_Y906,,,,20,38,13,    0.001780
556,2,VEGETASI BASAH-VEGETASI LAIN,,,,vbasah_05_X1032_Y826,vlain_07_X1010_Y894,,,,20,39,19,    0.002601
557,2,VEGETASI BASAH-VEGETASI LAIN,,,,vbasah_05_X1032_Y826,vlain_19_X1066_Y906,,,,20,40,26,    0.003560
558,2,VEGETASI BASAH-VEGETASI LAIN,,,,vbasah_05_X1032_Y826,vlain_14_X878_Y839,,,,20,41,228,    0.031216
559,2,VEGETASI BASAH-VEGETASI LAIN,,,,vbasah_14_X791_Y303,vlain_22a_X1096_Y917,,,,21,27,41,    0.005613
560,2,VEGETASI BASAH-VEGETASI LAIN,,,,vbasah_14_X791_Y303,vlain_13_X948_Y913,,,,21,28,2,    0.000274
561,2,VEGETASI BASAH-VEGETASI LAIN,,,,vbasah_14_X791_Y303,vlain_14_a_X993_Y897,,,,21,29,4,    0.000548
562,2,VEGETASI BASAH-VEGETASI LAIN,,,,vbasah_14_X791_Y303,vlain_12_X946_Y900,,,,21,30,198,    0.027109
563,2,VEGETASI BASAH-VEGETASI LAIN,,,,vbasah_14_X791_Y303,vlain_02_X1085_Y889,,,,21,31,9,    0.001232
564,2,VEGETASI BASAH-VEGETASI LAIN,,,,vbasah_14_X791_Y303,vlain_8_X944_Y890,,,,21,32,24,    0.003286
565,2,VEGETASI BASAH-VEGETASI LAIN,,,,vbasah_14_X791_Y303,vlain_00_X1096_Y912,,,,21,33,36,    0.004929
566,2,VEGETASI BASAH-VEGETASI LAIN,,,,vbasah_14_X791_Y303,vlain_10_X945_Y895,,,,21,34,2,    0.000274
567,2,VEGETASI BASAH-VEGETASI LAIN,,,,vbasah_14_X791_Y303,vlain_06_X1029_Y894,,,,21,35,19,    0.002601
568,2,VEGETASI BASAH-VEGETASI LAIN,,,,vbasah_14_X791_Y303,vlain_16_X1039_Y896,,,,21,36,47,    0.006435
569,2,VEGETASI BASAH-VEGETASI LAIN,,,,vbasah_14_X791_Y303,vlain_17_X1045_Y897,,,,21,37,19,    0.002601
570,2,VEGETASI BASAH-VEGETASI LAIN,,,,vbasah_14_X791_Y303,vlain_04_X1085_Y906,,,,21,38,12,    0.001643
571,2,VEGETASI BASAH-VEGETASI LAIN,,,,vbasah_14_X791_Y303,vlain_07_X1010_Y894,,,,21,39,288,    0.039431
572,2,VEGETASI BASAH-VEGETASI LAIN,,,,vbasah_14_X791_Y303,vlain_19_X1066_Y906,,,,21,40,25,    0.003423
573,2,VEGETASI BASAH-VEGETASI LAIN,,,,vbasah_14_X791_Y303,vlain_14_X878_Y839,,,,21,41,266,    0.036419
574,2,VEGETASI BASAH-VEGETASI LAIN,,,,vbasah_03_X1106_Y868,vlain_22a_X1096_Y917,,,,22,27,32,    0.004381
575,2,VEGETASI BASAH-VEGETASI LAIN,,,,vbasah_03_X1106_Y868,vlain_13_X948_Y913,,,,22,28,9,    0.001232
576,2,VEGETASI BASAH-VEGETASI LAIN,,,,vbasah_03_X1106_Y868,vlain_14_a_X993_Y897,,,,22,29,7,    0.000958
577,2,VEGETASI BASAH-VEGETASI LAIN,,,,vbasah_03_X1106_Y868,vlain_12_X946_Y900,,,,22,30,19,    0.002601
578,2,VEGETASI BASAH-VEGETASI LAIN,,,,vbasah_03_X1106_Y868,vlain_02_X1085_Y889,,,,22,31,10,    0.001369
579,2,VEGETASI BASAH-VEGETASI LAIN,,,,vbasah_03_X1106_Y868,vlain_8_X944_Y890,,,,22,32,25,    0.003423
580,2,VEGETASI BASAH-VEGETASI LAIN,,,,vbasah_03_X1106_Y868,vlain_00_X1096_Y912,,,,22,33,21,    0.002875
581,2,VEGETASI BASAH-VEGETASI LAIN,,,,vbasah_03_X1106_Y868,vlain_10_X945_Y895,,,,22,34,0,0
582,2,VEGETASI BASAH-VEGETASI LAIN,,,,vbasah_03_X1106_Y868,vlain_06_X1029_Y894,,,,22,35,3,    0.000411
583,2,VEGETASI BASAH-VEGETASI LAIN,,,,vbasah_03_X1106_Y868,vlain_16_X1039_Y896,,,,22,36,22,    0.003012
584,2,VEGETASI BASAH-VEGETASI LAIN,,,,vbasah_03_X1106_Y868,vlain_17_X1045_Y897,,,,22,37,14,    0.001917
585,2,VEGETASI BASAH-VEGETASI LAIN,,,,vbasah_03_X1106_Y868,vlain_04_X1085_Y906,,,,22,38,0,0
586,2,VEGETASI BASAH-VEGETASI LAIN,,,,vbasah_03_X1106_Y868,vlain_07_X1010_Y894,,,,22,39,14,    0.001917
587,2,VEGETASI BASAH-VEGETASI LAIN,,,,vbasah_03_X1106_Y868,vlain_19_X1066_Y906,,,,22,40,20,    0.002738
588,2,VEGETASI BASAH-VEGETASI LAIN,,,,vbasah_03_X1106_Y868,vlain_14_X878_Y839,,,,22,41,45,    0.006161
589,2,VEGETASI BASAH-VEGETASI LAIN,,,,vbasah_07_X1016_Y809,vlain_22a_X1096_Y917,,,,23,27,19,    0.002601
590,2,VEGETASI BASAH-VEGETASI LAIN,,,,vbasah_07_X1016_Y809,vlain_13_X948_Y913,,,,23,28,9,    0.001232
591,2,VEGETASI BASAH-VEGETASI LAIN,,,,vbasah_07_X1016_Y809,vlain_14_a_X993_Y897,,,,23,29,3,    0.000411
592,2,VEGETASI BASAH-VEGETASI LAIN,,,,vbasah_07_X1016_Y809,vlain_12_X946_Y900,,,,23,30,163,    0.022317
593,2,VEGETASI BASAH-VEGETASI LAIN,,,,vbasah_07_X1016_Y809,vlain_02_X1085_Y889,,,,23,31,3,    0.000411
594,2,VEGETASI BASAH-VEGETASI LAIN,,,,vbasah_07_X1016_Y809,vlain_8_X944_Y890,,,,23,32,10,    0.001369
595,2,VEGETASI BASAH-VEGETASI LAIN,,,,vbasah_07_X1016_Y809,vlain_00_X1096_Y912,,,,23,33,10,    0.001369
596,2,VEGETASI BASAH-VEGETASI LAIN,,,,vbasah_07_X1016_Y809,vlain_10_X945_Y895,,,,23,34,12,    0.001643
597,2,VEGETASI BASAH-VEGETASI LAIN,,,,vbasah_07_X1016_Y809,vlain_06_X1029_Y894,,,,23,35,7,    0.000958
598,2,VEGETASI BASAH-VEGETASI LAIN,,,,vbasah_07_X1016_Y809,vlain_16_X1039_Y896,,,,23,36,8,    0.001095
599,2,VEGETASI BASAH-VEGETASI LAIN,,,,vbasah_07_X1016_Y809,vlain_17_X1045_Y897,,,,23,37,2,    0.000274
600,2,VEGETASI BASAH-VEGETASI LAIN,,,,vbasah_07_X1016_Y809,vlain_04_X1085_Y906,,,,23,38,2,    0.000274
601,2,VEGETASI BASAH-VEGETASI LAIN,,,,vbasah_07_X1016_Y809,vlain_07_X1010_Y894,,,,23,39,7,    0.000958
602,2,VEGETASI BASAH-VEGETASI LAIN,,,,vbasah_07_X1016_Y809,vlain_19_X1066_Y906,,,,23,40,11,    0.001506
603,2,VEGETASI BASAH-VEGETASI LAIN,,,,vbasah_07_X1016_Y809,vlain_14_X878_Y839,,,,23,41,35,    0.004792
604,2,VEGETASI BASAH-VEGETASI LAIN,,,,vbasah_02_X1064_Y859,vlain_22a_X1096_Y917,,,,24,27,83,    0.011364
605,2,VEGETASI BASAH-VEGETASI LAIN,,,,vbasah_02_X1064_Y859,vlain_13_X948_Y913,,,,24,28,12,    0.001643
606,2,VEGETASI BASAH-VEGETASI LAIN,,,,vbasah_02_X1064_Y859,vlain_14_a_X993_Y897,,,,24,29,4,    0.000548
607,2,VEGETASI BASAH-VEGETASI LAIN,,,,vbasah_02_X1064_Y859,vlain_12_X946_Y900,,,,24,30,56,    0.007667
608,2,VEGETASI BASAH-VEGETASI LAIN,,,,vbasah_02_X1064_Y859,vlain_02_X1085_Y889,,,,24,31,15,    0.002054
609,2,VEGETASI BASAH-VEGETASI LAIN,,,,vbasah_02_X1064_Y859,vlain_8_X944_Y890,,,,24,32,22,    0.003012
610,2,VEGETASI BASAH-VEGETASI LAIN,,,,vbasah_02_X1064_Y859,vlain_00_X1096_Y912,,,,24,33,35,    0.004792
611,2,VEGETASI BASAH-VEGETASI LAIN,,,,vbasah_02_X1064_Y859,vlain_10_X945_Y895,,,,24,34,12,    0.001643
612,2,VEGETASI BASAH-VEGETASI LAIN,,,,vbasah_02_X1064_Y859,vlain_06_X1029_Y894,,,,24,35,12,    0.001643
613,2,VEGETASI BASAH-VEGETASI LAIN,,,,vbasah_02_X1064_Y859,vlain_16_X1039_Y896,,,,24,36,29,    0.003970
614,2,VEGETASI BASAH-VEGETASI LAIN,,,,vbasah_02_X1064_Y859,vlain_17_X1045_Y897,,,,24,37,14,    0.001917
615,2,VEGETASI BASAH-VEGETASI LAIN,,,,vbasah_02_X1064_Y859,vlain_04_X1085_Y906,,,,24,38,6,    0.000821
616,2,VEGETASI BASAH-VEGETASI LAIN,,,,vbasah_02_X1064_Y859,vlain_07_X1010_Y894,,,,24,39,9,    0.001232
617,2,VEGETASI BASAH-VEGETASI LAIN,,,,vbasah_02_X1064_Y859,vlain_19_X1066_Y906,,,,24,40,20,    0.002738
618,2,VEGETASI BASAH-VEGETASI LAIN,,,,vbasah_02_X1064_Y859,vlain_14_X878_Y839,,,,24,41,37,    0.005066
619,2,VEGETASI BASAH-VEGETASI LAIN,,,,vbasah_13_X798_Y295,vlain_22a_X1096_Y917,,,,25,27,28,    0.003834
620,2,VEGETASI BASAH-VEGETASI LAIN,,,,vbasah_13_X798_Y295,vlain_13_X948_Y913,,,,25,28,2,    0.000274
621,2,VEGETASI BASAH-VEGETASI LAIN,,,,vbasah_13_X798_Y295,vlain_14_a_X993_Y897,,,,25,29,2,    0.000274
622,2,VEGETASI BASAH-VEGETASI LAIN,,,,vbasah_13_X798_Y295,vlain_12_X946_Y900,,,,25,30,13,    0.001780
623,2,VEGETASI BASAH-VEGETASI LAIN,,,,vbasah_13_X798_Y295,vlain_02_X1085_Y889,,,,25,31,7,    0.000958
624,2,VEGETASI BASAH-VEGETASI LAIN,,,,vbasah_13_X798_Y295,vlain_8_X944_Y890,,,,25,32,111,    0.015197
625,2,VEGETASI BASAH-VEGETASI LAIN,,,,vbasah_13_X798_Y295,vlain_00_X1096_Y912,,,,25,33,72,    0.009858
626,2,VEGETASI BASAH-VEGETASI LAIN,,,,vbasah_13_X798_Y295,vlain_10_X945_Y895,,,,25,34,4,    0.000548
627,2,VEGETASI BASAH-VEGETASI LAIN,,,,vbasah_13_X798_Y295,vlain_06_X1029_Y894,,,,25,35,4,    0.000548
628,2,VEGETASI BASAH-VEGETASI LAIN,,,,vbasah_13_X798_Y295,vlain_16_X1039_Y896,,,,25,36,5,    0.000685
629,2,VEGETASI BASAH-VEGETASI LAIN,,,,vbasah_13_X798_Y295,vlain_17_X1045_Y897,,,,25,37,10,    0.001369
630,2,VEGETASI BASAH-VEGETASI LAIN,,,,vbasah_13_X798_Y295,vlain_04_X1085_Y906,,,,25,38,9,    0.001232
631,2,VEGETASI BASAH-VEGETASI LAIN,,,,vbasah_13_X798_Y295,vlain_07_X1010_Y894,,,,25,39,23,    0.003149
632,2,VEGETASI BASAH-VEGETASI LAIN,,,,vbasah_13_X798_Y295,vlain_19_X1066_Y906,,,,25,40,24,    0.003286
633,2,VEGETASI BASAH-VEGETASI LAIN,,,,vbasah_13_X798_Y295,vlain_14_X878_Y839,,,,25,41,7,    0.000958
634,2,VEGETASI BASAH-VEGETASI LAIN,,,,vbasah_08_X1021_Y786,vlain_22a_X1096_Y917,,,,26,27,7,    0.000958
635,2,VEGETASI BASAH-VEGETASI LAIN,,,,vbasah_08_X1021_Y786,vlain_13_X948_Y913,,,,26,28,4,    0.000548
636,2,VEGETASI BASAH-VEGETASI LAIN,,,,vbasah_08_X1021_Y786,vlain_14_a_X993_Y897,,,,26,29,0,0
637,2,VEGETASI BASAH-VEGETASI LAIN,,,,vbasah_08_X1021_Y786,vlain_12_X946_Y900,,,,26,30,4,    0.000548
638,2,VEGETASI BASAH-VEGETASI LAIN,,,,vbasah_08_X1021_Y786,vlain_02_X1085_Y889,,,,26,31,1,    0.000137
639,2,VEGETASI BASAH-VEGETASI LAIN,,,,vbasah_08_X1021_Y786,vlain_8_X944_Y890,,,,26,32,5,    0.000685
640,2,VEGETASI BASAH-VEGETASI LAIN,,,,vbasah_08_X1021_Y786,vlain_00_X1096_Y912,,,,26,33,11,    0.001506
641,2,VEGETASI BASAH-VEGETASI LAIN,,,,vbasah_08_X1021_Y786,vlain_10_X945_Y895,,,,26,34,1,    0.000137
642,2,VEGETASI BASAH-VEGETASI LAIN,,,,vbasah_08_X1021_Y786,vlain_06_X1029_Y894,,,,26,35,0,0
643,2,VEGETASI BASAH-VEGETASI LAIN,,,,vbasah_08_X1021_Y786,vlain_16_X1039_Y896,,,,26,36,4,    0.000548
644,2,VEGETASI BASAH-VEGETASI LAIN,,,,vbasah_08_X1021_Y786,vlain_17_X1045_Y897,,,,26,37,0,0
645,2,VEGETASI BASAH-VEGETASI LAIN,,,,vbasah_08_X1021_Y786,vlain_04_X1085_Y906,,,,26,38,0,0
646,2,VEGETASI BASAH-VEGETASI LAIN,,,,vbasah_08_X1021_Y786,vlain_07_X1010_Y894,,,,26,39,5,    0.000685
647,2,VEGETASI BASAH-VEGETASI LAIN,,,,vbasah_08_X1021_Y786,vlain_19_X1066_Y906,,,,26,40,8,    0.001095
648,2,VEGETASI BASAH-VEGETASI LAIN,,,,vbasah_08_X1021_Y786,vlain_14_X878_Y839,,,,26,41,21,    0.002875
